id,first_name,last_name,email,car_make,car_model,vin,manufactured_date,age_of_vechile
16,Olivia,Robinson,OLIVIA.ROBINSON@EXAMPLE.COM,Ford,Fusion,VIN016,2014-09-14,11
18,Quinn,Rodriguez,QUINN.RODRIGUEZ@EXAMPLE.COM,Nissan,Sentra,VIN018,2016-07-21,9
19,Rachel,Lewis,RACHEL.LEWIS@EXAMPLE.COM,BMW,3 Series,VIN019,2017-02-13,8
20,Steve,Lee,STEVE.LEE@EXAMPLE.COM,Mercedes,E-Class,VIN020,2018-08-19,7
21,Tina,Walker,TINA.WALKER@EXAMPLE.COM,Audi,A6,VIN021,2014-04-12,11
22,Uma,Hall,UMA.HALL@EXAMPLE.COM,Hyundai,Sonata,VIN022,2015-09-08,10
23,Victor,Allen,VICTOR.ALLEN@EXAMPLE.COM,Kia,Stinger,VIN023,2016-12-15,9
24,Wendy,Young,WENDY.YOUNG@EXAMPLE.COM,Toyota,RAV4,VIN024,2017-06-22,8
25,Xander,Hill,XANDER.HILL@EXAMPLE.COM,Honda,HR-V,VIN025,2018-01-30,7
26,Yara,Scott,YARA.SCOTT@EXAMPLE.COM,Ford,Escape,VIN026,2013-11-20,12
28,Amy,Adams,AMY.ADAMS@EXAMPLE.COM,Nissan,Rogue,VIN028,2015-05-23,10
29,Brian,Baker,BRIAN.BAKER@EXAMPLE.COM,BMW,X5,VIN029,2016-03-11,9
30,Cathy,Carter,CATHY.CARTER@EXAMPLE.COM,Mercedes,GLA,VIN030,2017-07-09,8
31,David,Collins,DAVID.COLLINS@EXAMPLE.COM,Audi,Q5,VIN031,2018-09-27,7
32,Ella,Evans,ELLA.EVANS@EXAMPLE.COM,Hyundai,Tucson,VIN032,2014-02-13,11
33,Finn,Foster,FINN.FOSTER@EXAMPLE.COM,Kia,Sportage,VIN033,2015-06-05,10
34,Gina,Gomez,GINA.GOMEZ@EXAMPLE.COM,Toyota,Highlander,VIN034,2016-11-19,9
35,Hank,Hughes,HANK.HUGHES@EXAMPLE.COM,Honda,Pilot,VIN035,2017-08-01,8
37,Jake123,Jackson,JAKE.JACKSON@EXAMPLE.COM,Chevrolet,Traverse,VIN037,2014-10-24,11
38,Kara,Kim,KARA.KIM@EXAMPLE.COM,Nissan,Pathfinder,VIN038,2014-07-15,11
39,Liam,Larson,LIAM.LARSON@EXAMPLE.COM,BMW,X6,VIN039,2015-01-29,10
40,Maya,Mitchell,MAYA.MITCHELL@EXAMPLE.COM,Mercedes,GLC,VIN040,2016-04-11,9
41,Nathan,Nelson,NATHAN.NELSON@EXAMPLE.COM,Audi,Q7,VIN041,2017-06-30,8
42,Olga,Ortiz,OLGA.ORTIZ@EXAMPLE.COM,Hyundai,Kona,VIN042,2018-11-18,7
43,Peter,Perry,PETER.PERRY@EXAMPLE.COM,Kia,Seltos,VIN043,2014-05-22,11
44,Queen,Quinn,QUEEN.QUINN@EXAMPLE.COM,Toyota,Corolla,VIN044,2015-08-13,10
45,Ryan,Rice,RYAN.RICE@EXAMPLE.COM,Honda,Civic,VIN045,2016-12-07,9
46,Sara,Sanders,SARA.SANDERS@EXAMPLE.COM,Ford,Focus,VIN046,2017-03-25,8
47,Tommy,Turner,TOMMY.TURNER@EXAMPLE.COM,Chevrolet,Malibu,VIN047,2018-07-02,7
48,Ursula,Underwood,URSULA.UNDERWOOD@EXAMPLE.COM,Nissan,Altima,VIN048,2013-09-29,12
49,Vince,Valdez,VINCE.VALDEZ@EXAMPLE.COM,BMW,X3,VIN049,2014-12-18,11
50,Willa,White,WILLA.WHITE@EXAMPLE.COM,Mercedes,C-Class,VIN050,2015-06-30,10
51,Xena,Xu,XENA.XU@EXAMPLE.COM,Audi,A4,VIN051,2016-09-14,9
52,Yosef,Young,YOSEF.YOUNG@EXAMPLE.COM,Hyundai,Elantra,VIN052,2017-02-05,8
53,Zoe,Zimmerman,ZOE.ZIMMERMAN@EXAMPLE.COM,Kia,Optima,VIN053,2018-05-28,7
54,Adam,Avery,ADAM.AVERY@EXAMPLE.COM,Volkswagen,Passat,VIN054,2014-01-21,11
55,Bella,Benson,BELLA.BENSON@EXAMPLE.COM,Subaru,Impreza,VIN055,2015-04-12,10
56,Carl,Chapman,CARL.CHAPMAN@EXAMPLE.COM,Mazda,3,VIN056,2016-07-04,9
57,Diana,Dunn,DIANA.DUNN@EXAMPLE.COM,Toyota,Camry,VIN057,2017-09-23,8
58,Ethan,Edwards,ETHAN.EDWARDS@EXAMPLE.COM,Honda,Accord,VIN058,2018-12-05,7
59,Fiona,Fleming,FIONA.FLEMING@EXAMPLE.COM,Ford,Fusion,VIN059,2013-03-18,12
60,Gabe,Gilbert,GABE.GILBERT@EXAMPLE.COM,Chevrolet,Cruze,VIN060,2014-06-09,11
61,Holly,Harrison,HOLLY.HARRISON@EXAMPLE.COM,Nissan,Sentra,VIN061,2015-09-27,10
62,Ian,Innes,IAN.INNES@EXAMPLE.COM,BMW,3 Series,VIN062,2016-01-16,9
63,Jill,James,JILL.JAMES@EXAMPLE.COM,Mercedes,E-Class,VIN063,2017-05-05,8
64,Karl,Knight,KARL.KNIGHT@EXAMPLE.COM,Audi,A6,VIN064,2018-08-21,7
65,Lara,Lloyd,LARA.LLOYD@EXAMPLE.COM,Hyundai,Sonata,VIN065,2014-02-07,11
66,Mike,Marshall,MIKE.MARSHALL@EXAMPLE.COM,Kia,Stinger,VIN066,2015-05-19,10
67,Nina,Norris,NINA.NORRIS@EXAMPLE.COM,Toyota,RAV4,VIN067,2016-10-10,9
68,Oscar,Oliver,OSCAR.OLIVER@EXAMPLE.COM,Honda,HR-V,VIN068,2017-03-02,8
69,Paula,Palmer,PAULA.PALMER@EXAMPLE.COM,Ford,Escape,VIN069,2018-06-14,7
70,Quentin,Quigley,QUENTIN.QUIGLEY@EXAMPLE.COM,Chevrolet,Equinox,VIN070,2013-11-07,12
71,Rita,Ramos,RITA.RAMOS@EXAMPLE.COM,Nissan,Rogue,VIN071,2014-03-25,11
72,Sam,Stewart,SAM.STEWART@EXAMPLE.COM,BMW,X5,VIN072,2015-08-11,10
73,Tara,Tucker,TARA.TUCKER@EXAMPLE.COM,Mercedes,GLA,VIN073,2016-12-22,9
74,Ulysses,Urban,ULYSSES.URBAN@EXAMPLE.COM,Audi,Q5,VIN074,2017-05-16,8
75,Vera,Vance,VERA.VANCE@EXAMPLE.COM,Hyundai,Tucson,VIN075,2018-09-03,7
76,Will,Woods,WILL.WOODS@EXAMPLE.COM,Kia,Sportage,VIN076,2014-04-28,11
77,Ximena,Xander,XIMENA.XANDER@EXAMPLE.COM,Toyota,Highlander,VIN077,2015-07-12,10
78,Yanni,Yates,YANNI.YATES@EXAMPLE.COM,Honda,Pilot,VIN078,2016-11-05,9
79,Zara,Zane,ZARA.ZANE@EXAMPLE.COM,Ford,Edge,VIN079,2017-02-28,8
80,Aaron,Armstrong,AARON.ARMSTRONG@EXAMPLE.COM,Chevrolet,Traverse,VIN080,2018-06-21,7
81,Betty,Bishop,BETTY.BISHOP@EXAMPLE.COM,Nissan,Pathfinder,VIN081,2013-10-17,12
82,Caleb,Cross,CALEB.CROSS@EXAMPLE.COM,BMW,X6,VIN082,2014-01-30,11
83,Daisy,Doyle,DAISY.DOYLE@EXAMPLE.COM,Mercedes,GLC,VIN083,2015-05-22,10
84,Eli,Ellison,ELI.ELLISON@EXAMPLE.COM,Audi,Q7,VIN084,2016-08-13,9
85,Faith,Ford,FAITH.FORD@EXAMPLE.COM,Hyundai,Kona,VIN085,2017-12-02,8
86,Gavin,Garcia,GAVIN.GARCIA@EXAMPLE.COM,Kia,Seltos,VIN086,2018-03-15,7
87,Hannah,Hicks,HANNAH.HICKS@EXAMPLE.COM,Toyota,Corolla,VIN087,2014-06-01,11
88,Isaac,Irwin,ISAAC.IRWIN@EXAMPLE.COM,Honda,Civic,VIN088,2015-09-10,10
89,Jasmine,Jenkins,JASMINE.JENKINS@EXAMPLE.COM,Ford,Focus,VIN089,2016-11-28,9
90,Kevin,Klein,KEVIN.KLEIN@EXAMPLE.COM,Chevrolet,Malibu,VIN090,2017-02-19,8
91,Lily,Lane,LILY.LANE@EXAMPLE.COM,Nissan,Altima,VIN091,2018-06-07,7
92,Mason,Moody,MASON.MOODY@EXAMPLE.COM,BMW,X3,VIN092,2013-09-12,12
93,Nora,Neil,NORA.NEIL@EXAMPLE.COM,Mercedes,C-Class,VIN093,2014-12-30,11
94,Owen,Owens,OWEN.OWENS@EXAMPLE.COM,Audi,A4,VIN094,2015-05-08,10
95,Paige,Price,PAIGE.PRICE@EXAMPLE.COM,Hyundai,Elantra,VIN095,2016-07-24,9
96,Quincy,Quinn,QUINCY.QUINN@EXAMPLE.COM,Kia,Optima,VIN096,2017-11-11,8
97,Ruby,Rogers,RUBY.ROGERS@EXAMPLE.COM,Volkswagen,Passat,VIN097,2018-03-05,7
98,Sean,Spencer,SEAN.SPENCER@EXAMPLE.COM,Subaru,Impreza,VIN098,2014-01-17,11
99,Tracy,Trent,TRACY.TRENT@EXAMPLE.COM,Mazda,3,VIN099,2015-04-29,10
100,Uma,Underwood,UMA.UNDERWOOD@EXAMPLE.COM,Toyota,Camry,VIN100,2016-08-15,9
101,Noah12,Perez,NOAH.PEREZ@EXAMPLE.COM,Honda,Accord,VIN1000,2013-06-27,12
102,John,Doe,JOHN.DOE@EXAMPLE.COM,Toyota,Corolla,VIN0010,2015-01-12,10
103,John12,Doe,JOHN.DOE@EXAMPLE.COM,Toyota,Corolla,VIN00200,2015-01-12,10
107,Noah12,Perez,NOAH.PEREZ@EXAMPLE.COM,Honda,Accord,VIN0222,2013-06-27,12
108,John12,Doe,JOHN.DOE@EXAMPLE.COM,Toyota,Corolla,VIN1111,2016-01-12,9
110,Hollis,Kaines,HKAINES0@4SHARED.COM,Alfa Romeo,Civic,4A4AP3AUXDE212893,1992,33
111,Chlo,Rigglesford,CRIGGLESFORD1@FASTCOMPANY.COM,BMW,Civic,1GYS4NKJ9FR688188,2004,21
112,Sarine,Hauxwell,SHAUXWELL2@SLATE.COM,BMW,Civic,1FMJK1F57AE667636,2006,19
113,Julianne,Santori,JSANTORI3@DRUPAL.ORG,Audi,Civic,WAUEKAFB8AN998060,2010,15
114,Shayla,Twoohy,STWOOHY4@HISTATS.COM,Suzuki,Civic,1GYUKGEF7AR073388,2003,22
115,Cristabel,Gallehawk,CGALLEHAWK5@HUFFINGTONPOST.COM,Kia,Civic,WAUAT48H65K266192,2008,17
116,Brynna,MacRitchie,BMACRITCHIE6@SAKURA.NE.JP,Audi,Civic,4A31K5DF4BE991555,1991,34
117,Aviva,Roels,AROELS7@SMUGMUG.COM,Honda,Civic,TRUB3AFKXC1240823,2010,15
118,Renae,Croxley,RCROXLEY8@USA.GOV,Subaru,Civic,WAUVF78KX9A690850,2009,16
119,Zonda,Osmon,ZOSMON9@PEN.IO,Pontiac,Civic,5UXKU6C58F0021712,1987,38
120,Bryon,Wike,BWIKEA@EDUBLOGS.ORG,GMC,Civic,4T1BF1FK6EU461401,1992,33
121,Kiley,Dunphy,KDUNPHYB@REDDIT.COM,Chevrolet,Civic,WAUEH64B91N483230,1994,31
122,Alvy,Rought,AROUGHTC@360.CN,Kia,Civic,WAUSFBFL5AA609436,2013,12
123,Carlyle,Highnam,CHIGHNAMD@SI.EDU,Dodge,Civic,1FAHP3DN6AW546991,2004,21
124,Nolana,Larder,NLARDERE@CENSUS.GOV,Toyota,Civic,WBAYE0C58ED888571,2002,23
125,Lu,Ganley,LGANLEYF@EEPURL.COM,Aston Martin,Civic,WAUEG94F86N476462,2005,20
126,Claribel,Elcy,CELCYG@EXAMINER.COM,Chrysler,Civic,3D73M4CL1AG957562,2007,18
127,Jephthah,Hurdiss,JHURDISSH@STORIFY.COM,Chrysler,Civic,WP0CB2A88CS847512,2007,18
128,Caroline,O' Kelleher,COKELLEHERI@HUFFINGTONPOST.COM,Plymouth,Civic,KNADM4A3XC6537947,1996,29
129,Grethel,Anthoin,GANTHOINJ@LYCOS.COM,Volvo,Civic,WP0AB2A91BS623979,2005,20
130,Drona,Jakubovski,DJAKUBOVSKIK@ISSUU.COM,Ford,Civic,WBSWL93529P424497,1965,60
131,Marlee,Croose,MCROOSEL@VINAORA.COM,Cadillac,Civic,KMHEC4A43DA859410,2011,14
132,Thorn,Pringell,TPRINGELLM@VKONTAKTE.RU,Toyota,Civic,2C3CCASG1FH924265,2002,23
133,Brannon,Mash,BMASHN@LULU.COM,Volvo,Civic,1N6AA0EC4DN247046,1994,31
134,Willem,Sesser,WSESSERO@DROPBOX.COM,Volkswagen,Civic,3D73Y4EL8AG167550,1991,34
135,Sibilla,Blenkiron,SBLENKIRONP@EPA.GOV,Mitsubishi,Civic,1G4GL5G34DF561903,1996,29
136,Kaylyn,Beadel,KBEADELQ@CBC.CA,Ford,Civic,SAJWA4DC5CM216010,2009,16
137,Lamar,Shimwall,LSHIMWALLR@WEBEDEN.CO.UK,Mitsubishi,Civic,1FTEW1CW9AK708986,2006,19
138,Sarene,Matteotti,SMATTEOTTIS@CYBERCHIMPS.COM,Cadillac,Civic,1GYS4GEFXBR411594,2009,16
139,Zorah,Pettingall,ZPETTINGALLT@MSN.COM,Subaru,Civic,SCBDR33WX7C200176,2011,14
140,Axel,Winspeare,AWINSPEAREU@JUGEM.JP,Audi,Civic,WDDLJ6HBXFA091855,1987,38
141,Berke,Rossi,BROSSIV@GRAVATAR.COM,Toyota,Civic,1N6AA0CC0EN062643,1994,31
142,Anya,Stroband,ASTROBANDW@BERKELEY.EDU,Mercedes-Benz,Civic,KMHTC6ADXDU440794,2012,13
143,Kirk,Martill,KMARTILLX@SOHU.COM,Volkswagen,Civic,SCBCU7ZA3BC323646,1997,28
144,Ruthie,Cokely,RCOKELYY@MACROMEDIA.COM,Dodge,Civic,KNADN5A37F6254283,2004,21
145,Dannie,Petteford,DPETTEFORDZ@SOUP.IO,Toyota,Civic,WBAEU33412K999825,1995,30
146,Atlante,Abrahamsson,AABRAHAMSSON10@PEN.IO,Pontiac,Civic,JH4CL96954C547444,1996,29
147,Lester,Keson,LKESON11@AMAZON.DE,Nissan,Civic,1G6DE5EY5B0776628,2003,22
148,Bartlet,MacAlpin,BMACALPIN12@MULTIPLY.COM,Mercedes-Benz,Civic,JTDKDTB38E1079599,2011,14
149,Michel,Whitcombe,MWHITCOMBE13@CNN.COM,Mitsubishi,Civic,JHMZE2H52DS395649,1998,27
150,Conney,Grinnov,CGRINNOV14@FORBES.COM,Toyota,Civic,WAUVT58E84A095396,2000,25
151,Ly,MacDearmid,LMACDEARMID15@STORIFY.COM,Ford,Civic,2C3CA2CV3AH521518,2011,14
152,Imogen,O'Leahy,IOLEAHY16@NEWSVINE.COM,MINI,Civic,1C4SDJCT8CC468084,2010,15
153,Zerk,Plum,ZPLUM17@DISCUZ.NET,Jeep,Civic,1HGCP2F35CA783449,1995,30
154,Ange,Vasiliu,AVASILIU18@SINA.COM.CN,Chevrolet,Civic,JM3TB2CA2F0419796,2006,19
155,Gabe,Garrard,GGARRARD19@STATCOUNTER.COM,Lotus,Civic,JN8AF5MR8ET431656,1987,38
156,Immanuel,Pietruschka,IPIETRUSCHKA1A@GOOGLE.CA,Mercury,Civic,5J8TB4H34GL059642,1994,31
157,Morrie,Bosket,MBOSKET1B@JALBUM.NET,Lotus,Civic,WBA3C3C52EP370374,1985,40
158,Freedman,Gaffney,FGAFFNEY1C@WUFOO.COM,Mercury,Civic,WDDGF4HB5CR060470,1986,39
159,Kleon,Redgrave,KREDGRAVE1D@SMUGMUG.COM,GMC,Civic,1D7CE3BK4AS573848,2001,24
160,Rorie,Campaigne,RCAMPAIGNE1E@HOMESTEAD.COM,Lincoln,Civic,3D7LP2ET9AG243672,2011,14
161,Irvin,Lawson,ILAWSON1F@FLAVORS.ME,Saturn,Civic,WAUPL68E55A952550,1998,27
162,Lorinda,Laurentino,LLAURENTINO1G@A8.NET,BMW,Civic,JTDKN3DU3F0036055,2010,15
163,Garland,Olivelli,GOLIVELLI1H@ARMY.MIL,BMW,Civic,JTHBW1GGXE1726805,2008,17
164,Janek,Bartlosz,JBARTLOSZ1I@SMH.COM.AU,Toyota,Civic,WAUSF98E58A469132,2009,16
165,Jelene,Ennor,JENNOR1J@BIBLEGATEWAY.COM,Ford,Civic,1N6AD0CUXCC361615,2012,13
166,Prudy,Causley,PCAUSLEY1K@NYTIMES.COM,Pontiac,Civic,1FTSW2B51AE744994,1986,39
167,Marve,Marnane,MMARNANE1L@PAGESPERSO-ORANGE.FR,Volvo,Civic,WBA3C3C54FK962485,2000,25
168,Janna,Rusk,JRUSK1M@OPERA.COM,Cadillac,Civic,ZHWGU5BZ7DL774690,2008,17
169,Delphinia,Hegg,DHEGG1N@OW.LY,Aston Martin,Civic,1HGCP2E85AA296844,2011,14
170,Gan,Lambertini,GLAMBERTINI1O@FRIENDFEED.COM,Volkswagen,Civic,WA1VFAFL6EA630080,1984,41
171,Maighdiln,Castagnone,MCASTAGNONE1P@NIH.GOV,Toyota,Civic,WDDGF4HB7DF452028,2012,13
172,Dorian,Littlewood,DLITTLEWOOD1Q@UCLA.EDU,Land Rover,Civic,3GYFNJE60BS105612,2003,22
173,Layton,Hakonsson,LHAKONSSON1R@MULTIPLY.COM,Dodge,Civic,4USBT53575L981934,2008,17
174,Alano,Softley,ASOFTLEY1S@SQUIDOO.COM,Lexus,Civic,KNADH4A33A6531456,2008,17
175,Dalila,Kulic,DKULIC1T@NAROD.RU,Isuzu,Civic,5TFBY5F18DX803134,1999,26
176,Brook,Shelford,BSHELFORD1U@JOOMLA.ORG,GMC,Civic,WAUAH94F38N344790,2011,14
177,Ash,Verdie,AVERDIE1V@SI.EDU,GMC,Civic,WAUXL58E24A692679,1992,33
178,Kermy,Dodswell,KDODSWELL1W@BUSINESSWEEK.COM,Chevrolet,Civic,SCFAD02E19G962220,2006,19
179,Sissy,Skule,SSKULE1X@ACCUWEATHER.COM,Pontiac,Civic,WBAHN03587D896172,1972,53
180,Garvy,Pengelly,GPENGELLY1Y@SCIENCEDIRECT.COM,GMC,Civic,WAUHF98P98A286070,2010,15
181,Taylor,Huggens,THUGGENS1Z@NIH.GOV,Dodge,Civic,1FTEW1C83AF454301,2000,25
182,Claudia,Goodsir,CGOODSIR20@MARKETWATCH.COM,Chevrolet,Civic,JN1BJ0HR2FM812686,2002,23
183,Baldwin,Egdell,BEGDELL21@YELLOWPAGES.COM,Kia,Civic,1G6DS8E3XD0845184,2013,12
184,Adiana,Liebmann,ALIEBMANN22@PINTEREST.COM,BMW,Civic,SALME1D42BA428843,2002,23
185,Kelly,Musson,KMUSSON23@GITHUB.COM,Mitsubishi,Civic,JTJBM7FX6E5385825,1989,36
186,Conway,Kivlin,CKIVLIN24@COM.COM,Hyundai,Civic,5GAKRBKD3FJ657860,2002,23
187,Mellisa,Montgomery,MMONTGOMERY25@DELL.COM,GMC,Civic,3D73M3HL7BG201688,2004,21
188,Bard,Drewett,BDREWETT26@INSTAGRAM.COM,GMC,Civic,1C4RDHEG0EC736359,2005,20
189,Janelle,Van der Spohr,JVANDERSPOHR27@FASTCOMPANY.COM,Hyundai,Civic,4F2CY0C70AK719107,2007,18
190,Sheffield,Herion,SHERION28@SO-NET.NE.JP,Hummer,Civic,WVGDP9BP2ED095006,2003,22
191,Helene,Sima,HSIMA29@ARCHIVE.ORG,Hummer,Civic,1G6DS5EV0A0043397,2009,16
192,Ursulina,McKinn,UMCKINN2A@NASA.GOV,Acura,Civic,19VDE2E54EE229081,2001,24
193,Husain,Thackray,HTHACKRAY2B@XINHUANET.COM,Jeep,Civic,SALAG2D40DA834688,2006,19
194,Clevie,Dragge,CDRAGGE2C@THEGLOBEANDMAIL.COM,Honda,Civic,JH4CL96984C753163,2007,18
195,Hyacinthe,Braithwaite,HBRAITHWAITE2D@INDIEGOGO.COM,Pontiac,Civic,WA1DKAFP7CA759422,1984,41
196,Umberto,Le Grice,ULEGRICE2E@DMOZ.ORG,Maybach,Civic,WA1UFAFL8EA397153,2009,16
197,Myca,Pigram,MPIGRAM2F@THETIMES.CO.UK,Lexus,Civic,5UXFA13544L122738,2011,14
198,Stacy,Robinet,SROBINET2G@LOC.GOV,GMC,Civic,2G4GL5EX2E9529631,2012,13
199,Hildagard,Kittredge,HKITTREDGE2H@YALE.EDU,Mercury,Civic,5N1AR1NB7AC976573,1996,29
200,Peri,Bossingham,PBOSSINGHAM2I@MERRIAM-WEBSTER.COM,Toyota,Civic,WAUKH98E68A063905,2006,19
201,Cyb,Capes,CCAPES2J@GO.COM,BMW,Civic,WAUAFAFHXDN223769,2002,23
202,Laina,Pittford,LPITTFORD2K@GOOGLE.IT,BMW,Civic,WBAGL63404D851850,1997,28
203,Dannel,Hulson,DHULSON2L@BING.COM,GMC,Civic,WA1LGAFE2DD295239,2007,18
204,Georgie,Costa,GCOSTA2M@ARTISTEER.COM,Lotus,Civic,1VWAH7A3XDC442381,2000,25
205,Lelia,Ties,LTIES2N@WEEBLY.COM,Chrysler,Civic,WDCGG5GB9AF221362,2008,17
206,Shaine,Poundford,SPOUNDFORD2O@BIBLEGATEWAY.COM,Mercedes-Benz,Civic,JTDKDTB33C1396011,2006,19
207,Tandi,Shord,TSHORD2P@BOOKING.COM,Ford,Civic,3FA6P0LU6FR336450,1999,26
208,Kipp,Harrowell,KHARROWELL2Q@WEBMD.COM,Toyota,Civic,WAULC68E85A650412,2004,21
209,Eduardo,Wintour,EWINTOUR2R@BLOGLOVIN.COM,Mitsubishi,Civic,5UXWX5C59CL246850,1987,38
210,Deana,Gowing,DGOWING2S@NSW.GOV.AU,Land Rover,Civic,5NPE24AFXFH963686,2008,17
211,Damara,Tallquist,DTALLQUIST2T@ABC.NET.AU,Cadillac,Civic,5N1AT2MLXFC782290,1999,26
212,Eugenia,Trittam,ETRITTAM2U@SPOTIFY.COM,Audi,Civic,1GYUKAEF7AR294034,2007,18
213,Mackenzie,Ianizzi,MIANIZZI2V@BOSTON.COM,Ford,Civic,1GYS3PKJ5FR394298,1996,29
214,Ricca,Josefsohn,RJOSEFSOHN2W@CHRON.COM,GMC,Civic,JTEBU5JR4E5265405,1996,29
215,Brianne,Carvell,BCARVELL2X@PCWORLD.COM,Mercury,Civic,1G4HP54K924240145,2005,20
216,Justine,Riordan,JRIORDAN2Y@ASK.COM,Chrysler,Civic,WAUWFAFHXAN144586,1992,33
217,Adeline,Geerdts,AGEERDTS2Z@STANFORD.EDU,Ford,Civic,WAUPN94E68N214044,2012,13
218,Kellyann,Bodicam,KBODICAM30@ARSTECHNICA.COM,Honda,Civic,5UMDU93518L891018,1997,28
219,Sherwood,Swabey,SSWABEY31@FT.COM,Pontiac,Civic,4USBU33596L575592,2008,17
220,Darbie,Dunhill,DDUNHILL32@BLOOMBERG.COM,Isuzu,Civic,WAULT68E74A648035,1994,31
221,Immanuel,Nenci,INENCI33@NPS.GOV,Mercury,Civic,5UXFA13586L959771,2006,19
222,Lawton,Bastow,LBASTOW34@BOSTON.COM,Ford,Civic,JN1AZ4EH5DM471546,1988,37
223,Rosmunda,Joutapaitis,RJOUTAPAITIS35@GITHUB.COM,Cadillac,Civic,WBAPH7G52AN053558,1992,33
224,Davita,Ferrieres,DFERRIERES36@BARNESANDNOBLE.COM,Volkswagen,Civic,2C3CCABG7FH254611,2009,16
225,Michele,Woodhall,MWOODHALL37@VISTAPRINT.COM,Subaru,Civic,1FADP5AU4DL139909,2007,18
226,Lela,Siss,LSISS38@ABOUT.COM,Mercury,Civic,WAUEH48H77K238374,1992,33
227,Tybalt,Gobert,TGOBERT39@MIIBEIAN.GOV.CN,Nissan,Civic,WBALM7C53BE401921,1994,31
228,Jolie,Pilling,JPILLING3A@TINYURL.COM,Mercury,Civic,5GAKVDKDXDJ786845,2004,21
229,Dorothy,Reeder,DREEDER3B@4SHARED.COM,Maserati,Civic,WBSBL93404P023111,1991,34
230,Alfie,Spadotto,ASPADOTTO3C@UNC.EDU,Toyota,Civic,WAUVC58E34A197494,2006,19
231,Cindie,Menary,CMENARY3D@YALE.EDU,Pontiac,Civic,1G6DU6EV0A0319609,1969,56
232,Toiboid,Aglione,TAGLIONE3E@TECHNORATI.COM,BMW,Civic,1G6KF57961U136428,1997,28
233,Nichols,Hickeringill,NHICKERINGILL3F@BOSTON.COM,Acura,Civic,KNDMG4C70B6464306,2008,17
234,Claudina,Jaffa,CJAFFA3G@SINA.COM.CN,Kia,Civic,1N6AA0CCXCN834823,2006,19
235,Sybil,Rayson,SRAYSON3H@GOOGLE.COM.HK,Chevrolet,Civic,WBA3T1C58FP442572,1997,28
236,Arabele,Dron,ADRON3I@HUD.GOV,Porsche,Civic,3GYFNDEY1BS084465,1987,38
237,Ermengarde,Lowdiane,ELOWDIANE3J@I2I.JP,Chrysler,Civic,1GT010CG8CF296439,2000,25
238,Larry,Konrad,LKONRAD3K@YOUKU.COM,Toyota,Civic,2C3CDZAT3FH948156,2003,22
239,Patience,Dessaur,PDESSAUR3L@WEIBO.COM,Saab,Civic,WBAVC535X7F881943,1987,38
240,Cesya,Tyre,CTYRE3M@CA.GOV,Subaru,Civic,WBA3A5C59CF912140,1993,32
241,Nerta,Vasyukhnov,NVASYUKHNOV3N@ACQUIRETHISNAME.COM,Land Rover,Civic,1FMEU8DE4AU615961,2006,19
242,Kassey,Mount,KMOUNT3O@POSTEROUS.COM,Volkswagen,Civic,WA1YD64B14N659147,2009,16
243,Bjorn,Glader,BGLADER3P@GOOGLE.COM.AU,BMW,Civic,1N4AB7AP2EN785401,1989,36
244,Orlan,Spreag,OSPREAG3Q@BLOGLINES.COM,Lotus,Civic,1G6AJ1RX2F0533664,1992,33
245,Dimitri,MacLise,DMACLISE3R@SUN.COM,Infiniti,Civic,WBAWC73519E476482,2006,19
246,Eliot,Chesworth,ECHESWORTH3S@AMAZONAWS.COM,Ford,Civic,WAUGN74F97N025917,2004,21
247,Butch,Aishford,BAISHFORD3T@AOL.COM,Lexus,GX,WVWAN7AN7EE974464,2011,14
248,Cooper,McGinny,CMCGINNY3U@UCOZ.RU,Geo,Prizm,WUARL48H04K834752,1996,29
249,Felipe,Lightoller,FLIGHTOLLER3V@ANSWERS.COM,Mercedes-Benz,CLK-Class,1FM5K7B8XFG184125,2008,17
250,Kelby,Hursthouse,KHURSTHOUSE3W@MASHABLE.COM,GMC,Yukon,WVGEF9BP4DD915382,2010,15
251,Hobard,Swayland,HSWAYLAND3X@INDIEGOGO.COM,GMC,1500,5TDDK3DC3FS380796,1996,29
252,Mateo,Ahearne,MAHEARNE3Y@TED.COM,BMW,7 Series,1G6DP567850406312,2004,21
253,Doroteya,Bolan,DBOLAN3Z@LAST.FM,Mercedes-Benz,300D,1G6D05EG6A0979239,1993,32
254,Sybilla,Whitton,SWHITTON40@UOL.COM.BR,Volkswagen,Jetta,1N6AF0KX7FN465266,1993,32
255,Ardath,Stratford,ASTRATFORD41@ECONOMIST.COM,Honda,Civic,2T1BURHE4FC468734,1997,28
256,Nicolis,Liston,NLISTON42@EUROPA.EU,Volkswagen,Golf III,2T1BU4EEXCC425129,1994,31
257,Wyatt,Rosingdall,WROSINGDALL43@ED.GOV,Land Rover,Range Rover,3C3CFFER6FT630109,1996,29
258,Chaim,Dupree,CDUPREE44@GOOGLE.CA,Mercury,Mariner,1G6DF5E51D0463338,2010,15
259,Adeline,Fusco,AFUSCO45@MOZILLA.COM,Volkswagen,Corrado,JH4CU2E81EC595604,1992,33
260,Angelita,Hull,AHULL46@REVERBNATION.COM,Toyota,Venza,5GADV23157D714648,2011,14
261,Mufinella,Danelut,MDANELUT47@BAIDU.COM,Pontiac,Bonneville,3D7JV1EP7BG536904,2004,21
262,Raimundo,Mungan,RMUNGAN48@INDIATIMES.COM,Pontiac,LeMans,1G6DM8ED4B0775570,1988,37
263,Erik,Aronow,EARONOW49@CDBABY.COM,Land Rover,Discovery,WP1AA2A20BL524291,2008,17
264,Hadley,Petrasso,HPETRASSO4A@GOOGLE.CN,Mazda,626,1G6DH577180906554,1984,41
265,Gerald,Eckels,GECKELS4B@FACEBOOK.COM,Isuzu,VehiCROSS,4T1BK3DB3AU266702,2001,24
266,Randa,Walczak,RWALCZAK4C@YANDEX.RU,Eagle,Vision,ZHWGU5BZ5DL625906,1996,29
267,Lars,Hug,LHUG4D@COM.COM,Ford,Bronco II,1G6AB5RX9E0074510,1984,41
268,Izaak,Brake,IBRAKE4E@MIT.EDU,Toyota,Echo,WBAYF8C57FD960129,2005,20
269,Eadmund,Fossett,EFOSSETT4F@BRAVESITES.COM,Buick,Skyhawk,WAUKH78E78A117586,1988,37
270,Marie-ann,Boller,MBOLLER4G@ARSTECHNICA.COM,Mazda,MX-3,JTDKN3DU2F0509122,1994,31
271,Gunilla,Wyeth,GWYETH4H@SBWIRE.COM,Land Rover,Discovery,1G6DN57S140643442,2001,24
272,Meta,Hildred,MHILDRED4I@SQUARESPACE.COM,BMW,530,WAUUL58E65A918176,2007,18
273,Kyla,Naismith,KNAISMITH4J@CBSNEWS.COM,Land Rover,Range Rover,WVGAV7AX7CW409622,2006,19
274,Russell,Gowthrop,RGOWTHROP4K@HOME.PL,Mercedes-Benz,W201,4USCK73482L122664,1984,41
275,Glenden,Bartomieu,GBARTOMIEU4L@T.CO,Austin,Mini Cooper,1HGCP2F39CA394300,1961,64
276,Lindy,Honeyghan,LHONEYGHAN4M@HOME.PL,Infiniti,FX,WAUDK78T39A377266,2003,22
277,Hedvig,Rudwell,HRUDWELL4N@IMDB.COM,Mercury,Mystique,WAUBF78E06A425315,1999,26
278,Saxon,Moffatt,SMOFFATT4O@ZDNET.COM,Honda,Accord Crosstour,WAUYP64B21N769971,2010,15
279,Levy,Taplow,LTAPLOW4P@SBWIRE.COM,Chevrolet,Express 3500,1G6DM8EV3A0623870,1997,28
280,Jerry,Gooderson,JGOODERSON4Q@STANFORD.EDU,Volkswagen,Jetta,5TFBW5F12AX062884,1998,27
281,Charlotta,Buckleigh,CBUCKLEIGH4R@SPHINN.COM,Jaguar,X-Type,YV126MFB1F1874233,2005,20
282,Flore,Chavey,FCHAVEY4S@PINTEREST.COM,Ford,Expedition,SAJWA4EC7BM429215,2009,16
283,Jacky,Eldin,JELDIN4T@COM.COM,Mazda,626,KMHTC6AD3CU672314,1989,36
284,Cornie,Van Saltsberg,CVANSALTSBERG4U@ADDTOANY.COM,Honda,Pilot,WAUJ2AFD7FN211672,2010,15
285,Osmund,Hedling,OHEDLING4V@CDC.GOV,Kia,Sportage,3VW217AU6FM555991,2005,20
286,Raeann,Swiggs,RSWIGGS4W@CSMONITOR.COM,Ford,Probe,5FPYK1F20DB619840,1992,33
287,Arden,Cariss,ACARISS4X@ZIMBIO.COM,Ford,F-Series,JTDJTUD33DD979731,1994,31
288,Gare,Pyson,GPYSON4Y@BARNESANDNOBLE.COM,Volvo,XC90,1G6DC5E56C0752559,2011,14
289,Vivia,Alsobrook,VALSOBROOK4Z@MSU.EDU,Mazda,929,WDCYC3HF4EX359476,1993,32
290,Schuyler,Krammer,SKRAMMER50@INSTAGRAM.COM,Suzuki,Samurai,WVWBN7ANXFE516455,1995,30
291,Jack,Yglesia,JYGLESIA51@TWITTER.COM,Ford,Tempo,1FTEX1CM6CF226855,1991,34
292,Amos,Jerzycowski,AJERZYCOWSKI52@NBCNEWS.COM,Mitsubishi,Galant,2G4WS52J021404944,2010,15
293,Ben,Sandercock,BSANDERCOCK53@YOUTU.BE,Ford,Thunderbird,WUAW2BFC0FN982578,1984,41
294,Leta,Nodin,LNODIN54@FTC.GOV,Pontiac,GTO,SAJWA4DB1EL271392,1973,52
295,Deck,Merkel,DMERKEL55@GOOGLE.PL,Lexus,LS,WA1LGAFE0DD376191,1993,32
296,Florida,Dutnell,FDUTNELL56@MAPY.CZ,Volkswagen,Jetta,1N4AL2EP9DC552877,2008,17
297,Claiborne,Chastanet,CCHASTANET57@IMDB.COM,Cadillac,Escalade,2C3CDXDT8CH729284,2007,18
298,Ettie,Lathy,ELATHY58@YELLOWBOOK.COM,Buick,Roadmaster,KL4CJGSB7DB940656,1994,31
299,Johannah,Saywood,JSAYWOOD59@QUANTCAST.COM,Isuzu,Rodeo,WAUKH94F28N457537,1996,29
300,Ricki,Adamsen,RADAMSEN5A@USTREAM.TV,Dodge,Ram 2500,1G4CU541X14841945,2010,15
301,Ward,Tidbold,WTIDBOLD5B@GOOGLE.COM.HK,Lexus,GS,KMHEC4A40DA759474,2006,19
302,Kienan,Agett,KAGETT5C@ABOUT.COM,Toyota,FJ Cruiser,1N4AL3AP0EC881285,2012,13
303,Clayborne,Filmer,CFILMER5D@HISTATS.COM,Ford,Ranger,1G6AZ5S37F0271681,1991,34
304,Bord,Lovekin,BLOVEKIN5E@CNN.COM,Lincoln,Continental Mark VII,WAUGGBFC7CN320718,1986,39
305,Adams,Thraves,ATHRAVES5F@MARRIOTT.COM,Mitsubishi,3000GT,1GKS1GEJXBR531824,1999,26
306,Dorry,Seton,DSETON5G@TINY.CC,Chevrolet,Blazer,1GYS4BEF1CR226421,2001,24
307,Cassey,Buddles,CBUDDLES5H@NATURE.COM,GMC,Yukon XL 2500,WAUFGBFBXBN376511,2003,22
308,Kandace,Kleinsinger,KKLEINSINGER5I@163.COM,Ford,Transit Connect,1N6AA0EJ0FN688268,2012,13
309,Appolonia,Wakerley,AWAKERLEY5J@PBS.ORG,Foose,Hemisfear,3VW1K7AJ8FM780105,2007,18
310,Jeanine,Dymond,JDYMOND5K@DISCOVERY.COM,Ford,Focus,SCFEBBAC8AG665498,2000,25
311,Matty,Lewington,MLEWINGTON5L@TAMU.EDU,Isuzu,Rodeo,WAUCFAFH2FN463863,2003,22
312,Kinnie,Griswood,KGRISWOOD5M@PEN.IO,Volvo,S80,WA1LMAFE0CD600177,2009,16
313,Brunhilde,Itzkovsky,BITZKOVSKY5N@FLAVORS.ME,Rolls-Royce,Phantom,WBA4A7C5XFG467289,2006,19
314,Kennith,Windrum,KWINDRUM5O@XING.COM,Lincoln,Mark LT,1GYFC43529R406736,2006,19
315,Sterne,Amey,SAMEY5P@PEOPLE.COM.CN,GMC,Savana 1500,WBANA53565B921347,2010,15
316,Lucita,Douthwaite,LDOUTHWAITE5Q@FOTKI.COM,Toyota,Camry,WVGAV7AX0FW256599,2006,19
317,Richart,Fattori,RFATTORI5R@UMICH.EDU,Buick,Century,1FTEW1CM7EF372686,1988,37
318,Tracee,Lampaert,TLAMPAERT5S@SKYPE.COM,Suzuki,Vitara,WAUEFAFL8EN608416,2003,22
319,Mordecai,Rust,MRUST5T@UPENN.EDU,Subaru,Forester,1GKS1FEJ7CR827119,2008,17
320,Donal,Trammel,DTRAMMEL5U@IMDB.COM,Mercury,Grand Marquis,3MZBM1U75EM929807,2005,20
321,Archibaldo,Belfelt,ABELFELT5V@ALTERVISTA.ORG,Dodge,Intrepid,WDDNG7DBXDA299783,1997,28
322,Alyson,Goldsby,AGOLDSBY5W@BIBLEGATEWAY.COM,Mercury,Mystique,3GYFNCE32ES044687,1999,26
323,Gennifer,Nizet,GNIZET5X@CANALBLOG.COM,Ford,Thunderbird,WBAEN33424P689945,1967,58
324,Rafaelia,Cruickshanks,RCRUICKSHANKS5Y@GOOGLE.ES,Chrysler,Town & Country,1C3CDZCB9DN723166,1998,27
325,Delmore,Abramamov,DABRAMAMOV5Z@GOO.NE.JP,GMC,Envoy,SCFAD01A97G635589,2002,23
326,Kial,Bortolozzi,KBORTOLOZZI60@BLINKLIST.COM,Lincoln,LS,1FTFW1E83AK662980,2003,22
327,Brock,Shwalbe,BSHWALBE61@WP.COM,Mazda,MPV,WBAXG5C56CD155614,1990,35
328,Budd,Shemming,BSHEMMING62@STORIFY.COM,Chevrolet,Aveo,1FTWW3DY5AE742275,2011,14
329,Nerta,Moneypenny,NMONEYPENNY63@HC360.COM,Saturn,S-Series,1G4HP52K654175150,1997,28
330,Dorry,Aujouanet,DAUJOUANET64@BLOOMBERG.COM,Audi,A6,WVWED7AJ8CW544239,1998,27
331,Jeannine,Rudolf,JRUDOLF65@NYDAILYNEWS.COM,Chrysler,Town & Country,WBS3C9C53FJ603164,1998,27
332,Kathryne,Del Dello,KDELDELLO66@GLOBO.COM,Pontiac,Grand Am,WBAPN7C50BA216389,1992,33
333,Jaye,Lowcock,JLOWCOCK67@SPHINN.COM,Chevrolet,Silverado 3500,5UXWX7C55E0415598,2008,17
334,Elna,Greenman,EGREENMAN68@YOUTUBE.COM,Subaru,Loyale,5N1AN0NW1EN328150,1992,33
335,Gregorius,Lockton,GLOCKTON69@WEIBO.COM,Geo,Tracker,1GYS4AEF1ER138935,1992,33
336,Gerick,Candlish,GCANDLISH6A@SHOP-PRO.JP,Chevrolet,Colorado,WBALZ5C58CD968042,2012,13
337,Doralyn,Durbin,DDURBIN6B@SHAREASALE.COM,Chrysler,300M,SCFBB03B18G499668,2001,24
338,Leonid,Dorman,LDORMAN6C@STATE.GOV,Mazda,MPV,1FTEW1CW7AK948151,1996,29
339,Carmencita,Ferbrache,CFERBRACHE6D@CYBERCHIMPS.COM,Acura,RL,JH4DC53094S872154,2007,18
340,Cecil,Harmar,CHARMAR6E@PATCH.COM,Toyota,Corolla,5LMJJ2H56AE557120,1994,31
341,Taddeusz,Clowton,TCLOWTON6F@HUFFINGTONPOST.COM,Mazda,RX-7,SCBGR3ZA1CC718079,1985,40
342,Lindsay,Manuaud,LMANUAUD6G@SHUTTERFLY.COM,Mercedes-Benz,SL-Class,JN1CV6EK0EM841038,1987,38
343,Harrie,Millea,HMILLEA6H@ISTOCKPHOTO.COM,Ram,2500,1GTN1TEX9BZ398740,2011,14
344,Jakie,Cankett,JCANKETT6I@PAYPAL.COM,Ford,Taurus,WBA3A5C58EP706403,2002,23
345,Oran,Ben,OBEN6J@UOL.COM.BR,Cadillac,Eldorado,WDDLJ7DB0EA482913,2000,25
346,Aldric,Few,AFEW6K@GOOGLE.COM.BR,GMC,Yukon XL 1500,1C4SDJCTXCC535526,2001,24
347,Erek,Hoonahan,EHOONAHAN6L@TED.COM,GMC,Vandura 3500,1GD312CG9DF684589,1992,33
348,Filia,Charity,FCHARITY6M@BLOGSPOT.COM,Infiniti,G,1G6AL5SX2E0213223,2008,17
349,Philippe,Virgo,PVIRGO6N@WP.COM,Chevrolet,Corvette,WBADN53491G081052,1964,61
350,Lilas,Barry,LBARRY6O@ABOUTADS.INFO,Jaguar,S-Type,WVGFF9BP3BD800631,2008,17
351,Sari,Wavish,SWAVISH6P@DE.VU,GMC,Vandura 1500,WA1YL64B05N001534,1994,31
352,Chic,Mayell,CMAYELL6Q@PSU.EDU,Mitsubishi,Challenger,WP0AB2A96BS421896,1998,27
353,Debee,Erett,DERETT6R@VISTAPRINT.COM,Ford,Mustang,5J8TB18237A074327,1991,34
354,Lynsey,Perigeaux,LPERIGEAUX6S@CLOUDFLARE.COM,Pontiac,Bonneville,1NXBU4EE1AZ806976,1993,32
355,Carmelia,Farrall,CFARRALL6T@YOUKU.COM,Eagle,Talon,WBAKF3C57BE471906,1993,32
356,Malia,Hail,MHAIL6U@DAILYMOTION.COM,Maybach,Landaulet,55SWF4JB9FU911582,2009,16
357,Martainn,Rennock,MRENNOCK6V@PAGINEGIALLE.IT,Chrysler,Town & Country,2GKALMEK2D6695323,2012,13
358,Margarethe,McCool,MMCCOOL6W@TAMU.EDU,Nissan,Xterra,WAUHF98P49A032381,2001,24
359,Garvin,Binny,GBINNY6X@SMUGMUG.COM,Honda,Accord Crosstour,19VDE1F30DE611517,2011,14
360,Lyndsie,Naisey,LNAISEY6Y@FRIENDFEED.COM,Land Rover,Defender 90,NM0AE8F79F1036973,1994,31
361,Arron,Averill,AAVERILL6Z@PEN.IO,Mercedes-Benz,400E,5FPYK1F21CB754260,1993,32
362,Griswold,Cubitt,GCUBITT70@WEATHER.COM,Mercury,Sable,KL4CJGSB1FB641991,1993,32
363,Winonah,Eggar,WEGGAR71@BUSINESSINSIDER.COM,Mitsubishi,Galant,1FTSW2A57AE665928,1984,41
364,Fidel,Bortolussi,FBORTOLUSSI72@NOAA.GOV,Ford,Econoline E150,19UUA9F73EA162019,1993,32
365,Noella,Skehens,NSKEHENS73@NBA.COM,Subaru,Outback Sport,4USBT334X4L408925,2002,23
366,Riobard,Letchford,RLETCHFORD74@BANDCAMP.COM,Dodge,Stratus,WA1CV94L77D949999,2001,24
367,Dukey,Barrabeale,DBARRABEALE75@DAGONDESIGN.COM,Chevrolet,Express 3500,WAUJT68E93A864779,2010,15
368,Bil,Kliner,BKLINER76@ACCUWEATHER.COM,Honda,S2000,WDDGF4HB7DG990612,2008,17
369,Vania,Beglin,VBEGLIN77@SHINYSTAT.COM,Chevrolet,Aveo,1C3CDFEB5FD916208,2008,17
370,Camila,Bilbie,CBILBIE78@EEPURL.COM,Pontiac,GTO,WA1VMAFE6CD227395,1967,58
371,Donielle,Colvill,DCOLVILL79@EDUBLOGS.ORG,Mitsubishi,Pajero,WUARL48H86K863242,1986,39
372,Cyndie,Muslim,CMUSLIM7A@NEWSVINE.COM,Kia,Rondo,WVWBB7AJXDW505212,2009,16
373,Mari,Vaud,MVAUD7B@HATENA.NE.JP,Mercedes-Benz,SL-Class,2T1BU4EE1CC742815,2004,21
374,Arturo,Bigg,ABIGG7C@ACCUWEATHER.COM,Ford,F150,1G6KD5E68BU146006,2003,22
375,Katie,Bloodworth,KBLOODWORTH7D@WIX.COM,Saturn,Aura,1FTWF3D58AE970292,2009,16
376,Carmencita,Ayscough,CAYSCOUGH7E@BIBLEGATEWAY.COM,Mitsubishi,Pajero,WDDNG7BB7BA970861,2000,25
377,Alexia,Domel,ADOMEL7F@EARTHLINK.NET,Acura,RL,KMHGH4JH0DU214919,1999,26
378,D'arcy,Blancowe,DBLANCOWE7G@NYU.EDU,Chevrolet,Cobalt,WDDHF2EB2BA975268,2010,15
379,Teddy,Paine,TPAINE7H@CHINA.COM.CN,Isuzu,Oasis,WBSPM9C51AE877656,1996,29
380,Guthry,Rominov,GROMINOV7I@TAOBAO.COM,Ford,E-350 Super Duty Van,1GYFK26249R247761,2006,19
381,Rudy,Yorston,RYORSTON7J@GOO.NE.JP,Mercury,Monterey,WAUKH94F18N367294,2005,20
382,Benedikt,Elsom,BELSOM7K@FREEWEBS.COM,Suzuki,Cultus,YV1902MM5F1335073,1985,40
383,Saxon,Choake,SCHOAKE7L@GOOGLE.NL,Oldsmobile,Bravada,WBA3V9C5XEP921857,1996,29
384,Thacher,Stoodale,TSTOODALE7M@BOOKING.COM,Mercury,Marquis,2G4GT5GR4C9032494,1986,39
385,Eliot,Nutt,ENUTT7N@DELL.COM,Maserati,Karif,1GKS1GEJ1DR648016,1989,36
386,Yolanda,Ecclestone,YECCLESTONE7O@FEMA.GOV,Volkswagen,Phaeton,1G6AY5SX3E0550842,2006,19
387,Alair,Sowerby,ASOWERBY7P@GOODREADS.COM,Honda,Accord,WDCYC3HF8EX065806,2011,14
388,Kizzie,Seabert,KSEABERT7Q@FASTCOMPANY.COM,Volvo,S60,WBAUN13569V195681,2003,22
389,Ryun,Spatari,RSPATARI7R@ISSUU.COM,Hyundai,Tucson,WBAUP7C50CV578598,2012,13
390,Maury,Van der Beek,MVANDERBEEK7S@THEGLOBEANDMAIL.COM,Nissan,240SX,WBY2Z2C58EV754466,1998,27
391,Nell,Bramley,NBRAMLEY7T@T-ONLINE.DE,Infiniti,G35,1FTWX3D51AE919875,2003,22
392,Pail,Dewsnap,PDEWSNAP7U@TOPLIST.CZ,Buick,Regal,SAJWA4DC1EM642862,1990,35
393,Hy,Este,HESTE7V@CENSUS.GOV,Subaru,Outback,WBAEJ134X3A132881,2002,23
394,Jonis,Rame,JRAME7W@LIST-MANAGE.COM,BMW,Z4,5TFCM5F19AX196382,2004,21
395,Harwell,Shambrook,HSHAMBROOK7X@RAKUTEN.CO.JP,Chrysler,Concorde,WBADX1C53DJ000520,2000,25
396,Tedd,Dreakin,TDREAKIN7Y@NEWYORKER.COM,Mitsubishi,Starion,WBAXH5C57DD526987,1989,36
397,Mariel,Lemin,MLEMIN7Z@CA.GOV,Toyota,Tundra,SCFHDDAJ7CA289075,2010,15
398,Micheline,Ryves,MRYVES80@JIMDO.COM,Suzuki,SX4,1GKS1AEC1FR198580,2007,18
399,Denice,Halpeine,DHALPEINE81@AMAZON.COM,Mercury,Capri,3VWF17AT2FM780885,1986,39
400,Alfonse,Matovic,AMATOVIC82@CARGOCOLLECTIVE.COM,Ford,Galaxie,4T1BD1EB3FU557012,1964,61
401,Loutitia,Assel,LASSEL83@UNC.EDU,Mazda,B-Series,WBA3B1C59F5969986,2003,22
402,Iorgos,Mitchelhill,IMITCHELHILL84@SCIENTIFICAMERICAN.COM,BMW,7 Series,1GKKRNED7EJ147350,2003,22
403,Laural,Mundell,LMUNDELL85@PRNEWSWIRE.COM,Subaru,Forester,WAUEF98E78A807126,2012,13
404,Bernadine,Lukes,BLUKES86@BERKELEY.EDU,Honda,CR-V,WAUEF48H97K217709,2001,24
405,Jaine,Bushaway,JBUSHAWAY87@ICIO.US,Ford,F-250 Super Duty,2HNYB1H66CH876772,2006,19
406,Cecil,O'Brien,COBRIEN88@G.CO,Lamborghini,Aventador,1G4GB5ERXCF974790,2012,13
407,Saba,Pawelczyk,SPAWELCZYK89@INDIEGOGO.COM,Subaru,Legacy,WAUHF78P06A464885,2001,24
408,Pancho,Cuckson,PCUCKSON8A@ELPAIS.COM,Chevrolet,Corvette,SCBBR9ZA5DC410914,1957,68
409,Pernell,Benford,PBENFORD8B@LAST.FM,Suzuki,X-90,YV426MDB3F2027276,1998,27
410,Conant,Canton,CCANTON8C@YCOMBINATOR.COM,Ford,F250,WAUPEAFM7BA330793,1993,32
411,Cliff,Abbatucci,CABBATUCCI8D@MAPQUEST.COM,Cadillac,Fleetwood,JN1BY1PR7FM058994,1992,33
412,Portie,Margetts,PMARGETTS8E@ABOUT.ME,Daihatsu,Charade,1G6DK8EV1A0226440,1992,33
413,Erin,Domniney,EDOMNINEY8F@SAMSUNG.COM,Acura,RSX,1G4GC5G37FF051841,2004,21
414,Sky,Casburn,SCASBURN8G@BAIDU.COM,Audi,S5,WAUKD78P79A783023,2012,13
415,Kippie,Rickardsson,KRICKARDSSON8H@DE.VU,Chevrolet,Volt,KNAFT4A25B5108884,2012,13
416,Carolin,Haile,CHAILE8I@TOPSY.COM,Chevrolet,Camaro,WBSBR93401E631264,1985,40
417,Em,Wadworth,EWADWORTH8J@KICKSTARTER.COM,Volkswagen,Cabriolet,WAUAF48H57K055673,1999,26
418,Emmeline,Leadbeater,ELEADBEATER8K@MIITBEIAN.GOV.CN,Volkswagen,Cabriolet,JTDBT4K34B4290432,1996,29
419,Adena,Mundle,AMUNDLE8L@CBC.CA,Mazda,MX-6,3LNHL2GC5AR516390,1991,34
420,Dierdre,Norfolk,DNORFOLK8M@DAILYMAIL.CO.UK,Cadillac,Escalade EXT,WAUEG78E76A366712,2003,22
421,Rosanna,Guiton,RGUITON8N@SHOP-PRO.JP,Chevrolet,Equinox,KMHCM3ACXAU384645,2005,20
422,Nick,Priter,NPRITER8O@HOWSTUFFWORKS.COM,Volkswagen,Golf,WA1DGAFE9CD636655,2004,21
423,Allsun,Bicker,ABICKER8P@SITEMETER.COM,Infiniti,G25,3D7TT2HT6BG003360,2011,14
424,Chick,MacArthur,CMACARTHUR8Q@AUDA.ORG.AU,BMW,6 Series,1G4GG5E38CF939050,2009,16
425,Evan,Comsty,ECOMSTY8R@I2I.JP,Chevrolet,TrailBlazer,ZHWGU5BZ0DL119089,2003,22
426,Valdemar,Bernette,VBERNETTE8S@ELEGANTTHEMES.COM,Cadillac,DeVille,WAULV94E89N026559,1996,29
427,Arty,Rochewell,AROCHEWELL8T@SKYROCK.COM,Ford,Contour,1N6AD0CW8FN153968,1995,30
428,Amos,Larciere,ALARCIERE8U@DISQUS.COM,Volvo,C70,WAUHGBFCXEN261137,2002,23
429,Myer,Metham,MMETHAM8V@IBM.COM,Volkswagen,Touareg,JM3TB2BV4D0227314,2004,21
430,Virgil,Frensche,VFRENSCHE8W@STATE.GOV,Toyota,Prius,WAUXL58E75A340876,2010,15
431,Pia,Lambot,PLAMBOT8X@OVH.NET,Mitsubishi,Pajero,1FMJK1HT3FE034022,1992,33
432,Nealon,Gye,NGYE8Y@PHOCA.CZ,Jeep,Wrangler,1G6DJ8E35D0230092,2010,15
433,Marissa,Nalder,MNALDER8Z@CNET.COM,Plymouth,Breeze,1G4CU541454890533,1996,29
434,Lennard,Ounsworth,LOUNSWORTH90@BEHANCE.NET,Mercury,Mountaineer,KMHHT6KJ8FU240607,2010,15
435,Amity,Binch,ABINCH91@VKONTAKTE.RU,Chevrolet,Cobalt,SAJWA4EB2EL274008,2007,18
436,Ricky,Corston,RCORSTON92@SOUP.IO,Pontiac,Firefly,KMHHT6KD5DU928989,1989,36
437,Minne,Mosedale,MMOSEDALE93@NBCNEWS.COM,Buick,LaCrosse,3GTU2YEJ1BG480642,2011,14
438,Sid,Osgar,SOSGAR94@BIBLEGATEWAY.COM,Aston Martin,V8 Vantage S,1G4HP54K334539647,2012,13
439,Gerek,Sackett,GSACKETT95@UMN.EDU,Saab,9-2X,5UXFG2C53CL318804,2005,20
440,Armin,Sofe,ASOFE96@CPANEL.NET,Hyundai,Elantra,WBA3B3C51EF615612,1992,33
441,Kenon,Lyvon,KLYVON97@HOME.PL,Jaguar,XJ Series,WAUEH78E66A846155,2002,23
442,Caresa,Winspeare,CWINSPEARE98@UCOZ.COM,Buick,Regal,2C3CDYCJXEH716285,2003,22
443,Ellette,Latty,ELATTY99@T.CO,Lexus,IS,1G4PR5SK8C4728917,2009,16
444,Jillie,Le Leu,JLELEU9A@NHS.UK,Lincoln,Town Car,1GKS1AKC8FR615228,2011,14
445,Marlane,Hartfield,MHARTFIELD9B@WIKIA.COM,Pontiac,Tempest,4T1BF1FK4EU240931,1961,64
446,Laetitia,Sherman,LSHERMAN9C@ANSWERS.COM,Volkswagen,Phaeton,KNAFT4A22D5804072,2006,19
447,Yul,Gaunter,YGAUNTER9D@AMAZON.DE,Pontiac,6000,1FADP3E29DL229392,1984,41
448,Lorant,Pavek,LPAVEK9E@VIRGINIA.EDU,Kia,Amanti,1G6DX67D170100341,2004,21
449,Terry,Charrington,TCHARRINGTON9F@SALON.COM,Scion,tC,1G6DG8EY3B0811002,2008,17
450,Selena,Burchall,SBURCHALL9G@UNESCO.ORG,Ford,Edge,2HNYD2H60CH400906,2010,15
451,Dasha,Crown,DCROWN9H@GOOGLE.CN,Volkswagen,Touareg,1G6DJ8E37D0350699,2004,21
452,Lilyan,Inkpin,LINKPIN9I@XREA.COM,Cadillac,Seville,1G6KE54Y25U521991,2001,24
453,Davy,Thomkins,DTHOMKINS9J@WOOTHEMES.COM,Buick,Century,JN1BV7AP8FM598549,1992,33
454,Peggie,Baddeley,PBADDELEY9K@BLINKLIST.COM,Eagle,Talon,JN1CV6FE0EM551228,1996,29
455,Dione,Hulkes,DHULKES9L@WILEY.COM,Lincoln,Town Car,5N1AT2MKXFC367378,2006,19
456,Isidore,Yellop,IYELLOP9M@USATODAY.COM,Chevrolet,Silverado 3500HD,KNAFK4A68E5972886,2006,19
457,Patrice,Hoodlass,PHOODLASS9N@CLOUDFLARE.COM,Volkswagen,Golf,1FMCU4K37AK313030,1997,28
458,Judy,Salery,JSALERY9O@AOL.COM,Volkswagen,Passat,WAUHF98PX6A625495,2012,13
459,Gisela,Oxbury,GOXBURY9P@EXAMINER.COM,Audi,S4,5N1AN0NU0FN352939,2006,19
460,Jeannie,Carryer,JCARRYER9Q@CMU.EDU,GMC,Envoy,WAULH64B21N392677,1999,26
461,Adena,Asch,AASCH9R@OVH.NET,Chevrolet,Corvette,WAUKF78E77A894774,2005,20
462,Sigfrid,Wickersham,SWICKERSHAM9S@WHITEHOUSE.GOV,Chevrolet,Impala,WVGEF9BPXED717312,2000,25
463,Pierette,McRamsey,PMCRAMSEY9T@YOLASITE.COM,Mazda,323,WBA3B5C52FP602147,1994,31
464,Darbee,Wolver,DWOLVER9U@WORDPRESS.ORG,Toyota,Highlander,JTHBL5EF2B5375550,2011,14
465,Loydie,Aysh,LAYSH9V@BBC.CO.UK,Toyota,4Runner,JTEBU5JR3C5850294,2012,13
466,Jerrine,Ruckhard,JRUCKHARD9W@NBA.COM,Volkswagen,R32,WAUVC68E63A080187,2008,17
467,Wilfred,Toffoloni,WTOFFOLONI9X@SHOP-PRO.JP,Mazda,B-Series,2G4GS5EV8C9540924,2000,25
468,Patrizio,Zanre,PZANRE9Y@LIST-MANAGE.COM,Mitsubishi,Diamante,WA1CGBFE7CD059299,1994,31
469,Darlleen,Heskey,DHESKEY9Z@OVH.NET,Mazda,Familia,JN1AZ4EH7AM405625,1992,33
470,Lillian,Hutchason,LHUTCHASONA0@DAILYMOTION.COM,Mazda,Familia,WA1LFBFP9DA986697,1985,40
471,Rubetta,Harfleet,RHARFLEETA1@E-RECHT24.DE,BMW,Z3,1GYS4AEF9DR162317,1997,28
472,Krissie,Giffaut,KGIFFAUTA2@DISCOVERY.COM,Mazda,B-Series Plus,3D7TT2HT6BG181348,2002,23
473,Tuesday,Crinkley,TCRINKLEYA3@CISCO.COM,Dodge,Aspen,WAUJGAFD1FN167461,1976,49
474,Lorry,Hadcroft,LHADCROFTA4@BUSINESSWIRE.COM,Cadillac,Eldorado,WAUJT58E63A745386,1996,29
475,Ev,Smurfitt,ESMURFITTA5@BUSINESSWIRE.COM,Aston Martin,Rapide,SCFAB22391K738663,2010,15
476,Melinde,Cochran,MCOCHRANA6@HATENA.NE.JP,Ford,Bronco II,5LMJJ2H52BE276451,1988,37
477,Amabelle,Laba,ALABAA7@EARTHLINK.NET,Chevrolet,Express 3500,19UUA66226A941545,1998,27
478,Felike,Moodycliffe,FMOODYCLIFFEA8@WASHINGTONPOST.COM,Buick,Enclave,5LMJJ3J51CE943060,2008,17
479,Rolph,Shimmin,RSHIMMINA9@ICQ.COM,Audi,A8,WA1VMBFE6AD445372,2005,20
480,Brucie,Kovalski,BKOVALSKIAA@ARIZONA.EDU,Chevrolet,S10,WBA3B3C50FJ717353,2000,25
481,Johannah,Vesty,JVESTYAB@I2I.JP,Porsche,Boxster,JN8AF5MR0BT677435,2013,12
482,Blayne,Leedal,BLEEDALAC@CORNELL.EDU,Toyota,4Runner,JN1AZ4EH4FM922887,2007,18
483,Davy,Downing,DDOWNINGAD@TINYPIC.COM,Mercedes-Benz,S-Class,2C4RDGDG4CR093370,1988,37
484,Martguerita,Huison,MHUISONAE@STORIFY.COM,Chevrolet,Uplander,KNDMG4C78E6068273,2007,18
485,Gardy,Risbie,GRISBIEAF@NAROD.RU,Pontiac,Grand Prix,1N4AB7APXEN828253,1967,58
486,Demetria,O'Lochan,DOLOCHANAG@TECHCRUNCH.COM,Mitsubishi,Eclipse,KMHTC6ADXDU684638,1997,28
487,Harriette,Tall,HTALLAH@LOC.GOV,Saab,900,WVGAV7AX7AW839695,1997,28
488,Krisha,Fisby,KFISBYAI@STORIFY.COM,Toyota,T100,TRUTC28N461345718,1994,31
489,Sanford,Scotti,SSCOTTIAJ@OX.AC.UK,GMC,Sierra Denali,3G5DB03E73S325882,2006,19
490,Jay,Alu,JALUAK@BERKELEY.EDU,BMW,X6 M,SCBDR33W37C838463,2011,14
491,Celine,Treppas,CTREPPASAL@WEBNODE.COM,Lexus,LS,2HNYD18201H560532,2003,22
492,Mady,Pendlebury,MPENDLEBURYAM@JAPANPOST.JP,Land Rover,Freelander,5N1AN0NW1DN462803,2010,15
493,Austine,Sambells,ASAMBELLSAN@MIITBEIAN.GOV.CN,Volvo,V70,WAUUL98E98A385638,2002,23
494,Kevin,Kittiman,KKITTIMANAO@DISCUZ.NET,Chevrolet,Astro,WBA3B3C57EF945528,2003,22
495,Robinia,Sheivels,RSHEIVELSAP@THEGLOBEANDMAIL.COM,Chevrolet,Caprice Classic,SCBLC47J58C059049,1995,30
496,Darlleen,Du Plantier,DDUPLANTIERAQ@SOUP.IO,GMC,Rally Wagon G3500,WA1DMAFP9EA013339,1996,29
497,Fanchette,Fockes,FFOCKESAR@OMNITURE.COM,Saturn,S-Series,19UYA42753A178794,2002,23
498,Linzy,Feifer,LFEIFERAS@PAGINEGIALLE.IT,Ford,F150,WBA3T3C50FP584586,1993,32
499,Cesya,Suttling,CSUTTLINGAT@GOOGLE.PL,Porsche,944,3D7TP2CT6BG807900,1989,36
500,Haroun,Stillmann,HSTILLMANNAU@CBSNEWS.COM,Mercedes-Benz,W201,1FTNF2B58AE472425,1987,38
501,Carita,Peggs,CPEGGSAV@ASK.COM,Hyundai,Elantra,3C6TD5MT4CG345297,2003,22
502,Base,Strangman,BSTRANGMANAW@TINY.CC,Mercedes-Benz,Sprinter 2500,1G4GG5G39DF725182,2012,13
503,Carolyne,Cave,CCAVEAX@USTREAM.TV,Mazda,MPV,JTDKN3DU5B0634335,2003,22
504,Annnora,Gettins,AGETTINSAY@HOMESTEAD.COM,Bentley,Continental,3N1CN7AP2DL751129,2005,20
505,Cozmo,Kaspar,CKASPARAZ@THEGLOBEANDMAIL.COM,Toyota,Yaris,WBA3T1C57FP921761,2010,15
506,Gracie,Dunn,GDUNNB0@GOV.UK,GMC,Sierra 3500,WAUGL78E88A273270,2005,20
507,Vaughan,Cullinan,VCULLINANB1@QQ.COM,Pontiac,Montana SV6,SALFR2BG9DH895025,2006,19
508,Lilith,Okill,LOKILLB2@GOOGLE.CA,Honda,Odyssey,1N6AA0CA3AN874365,2007,18
509,Lurlene,Margrie,LMARGRIEB3@HOWSTUFFWORKS.COM,Chevrolet,Sportvan G20,JTHFN2EY3A9568812,1992,33
510,Conney,Dearman,CDEARMANB4@HP.COM,Chevrolet,Avalanche,1G6DC5EG4A0241284,2002,23
511,Pierson,Zipsell,PZIPSELLB5@DION.NE.JP,Dodge,D150 Club,WDDGF4HB7ER831255,1992,33
512,Jacquetta,Crewdson,JCREWDSONB6@GOOGLE.DE,Volvo,960,WAUMFBFL0DN860290,1997,28
513,Melloney,Chevins,MCHEVINSB7@THEGUARDIAN.COM,GMC,Safari,JHMGE8G36CS074318,1996,29
514,Sibel,Guillou,SGUILLOUB8@YAHOO.COM,Mazda,B-Series,WBALW3C52CC971120,1997,28
515,Connie,Letrange,CLETRANGEB9@GOO.NE.JP,Lexus,LX,SCFEDCAD4CG427630,2002,23
516,Delcine,Dawidsohn,DDAWIDSOHNBA@HOME.PL,Mazda,MX-5,1HGCR2E38DA709455,2012,13
517,Dorothee,Fussie,DFUSSIEBB@TWITTER.COM,Ford,F-Series,1GTN1UEH8FZ869958,1987,38
518,Faustine,Willbraham,FWILLBRAHAMBC@CNBC.COM,Ford,EXP,2G4WD552461584532,1985,40
519,Bobine,Theurer,BTHEURERBD@POSTEROUS.COM,Dodge,Ram 3500,1GTN1TEH1FZ949192,2009,16
520,Bertie,Tunbridge,BTUNBRIDGEBE@NETWORKSOLUTIONS.COM,Cadillac,CTS,WBAEV53424K270468,2006,19
521,Forster,Cheevers,FCHEEVERSBF@WP.COM,Saab,5-Sep,WBAEV53493K057760,2004,21
522,Ximenes,Tall,XTALLBG@ADDTOANY.COM,Suzuki,Sidekick,1C4RDHDG0CC632632,1997,28
523,Gerard,Steger,GSTEGERBH@TOPLIST.CZ,Oldsmobile,Achieva,5N1AZ2MH8FN700880,1997,28
524,Deni,Yoxen,DYOXENBI@UMICH.EDU,Audi,200,1G6DU6EV6A0595101,1990,35
525,Jasmin,Campione,JCAMPIONEBJ@EPA.GOV,Mitsubishi,RVR,JTDKDTB36F1867928,1994,31
526,Maible,McCaw,MMCCAWBK@XINHUANET.COM,Mitsubishi,Lancer Evolution,19XFB2E54EE089963,2010,15
527,Elnora,Trowler,ETROWLERBL@TWITPIC.COM,Chevrolet,Silverado 3500,1FTEW1CM1EF483797,2010,15
528,Darius,Linnett,DLINNETTBM@NIH.GOV,Mercedes-Benz,E-Class,SCFEBBAK7CG209311,1987,38
529,Danni,Yockney,DYOCKNEYBN@IBM.COM,Eagle,Vision,WAUBH78E56A417883,1993,32
530,Deane,Spinke,DSPINKEBO@BLUEHOST.COM,Toyota,RAV4,SAJWJ1CD5F8200542,2006,19
531,Woodman,Capstake,WCAPSTAKEBP@ANSWERS.COM,Dodge,Ram Van B350,WA1WMBFE0FD504797,1994,31
532,Brunhilde,Spreadbury,BSPREADBURYBQ@STUMBLEUPON.COM,Lexus,LS,1FTEW1CM2EK411966,2012,13
533,Margie,Jizhaki,MJIZHAKIBR@MIITBEIAN.GOV.CN,Buick,Roadmaster,KMHTC6AD5FU313941,1991,34
534,Austin,de Courcy,ADECOURCYBS@USATODAY.COM,Lamborghini,Countach,WDDGF4HB6CA688987,1986,39
535,Shelba,Cleaton,SCLEATONBT@MASHABLE.COM,Volkswagen,Routan,5TFBY5F15AX688889,2010,15
536,Hermione,Orcas,HORCASBU@ADOBE.COM,Chevrolet,Suburban 1500,JH4KC1F39EC265219,1994,31
537,Erminia,Mangan,EMANGANBV@KICKSTARTER.COM,Buick,Riviera,KMHHT6KD7AU329345,1992,33
538,Jae,Perillio,JPERILLIOBW@STATE.TX.US,GMC,Vandura 1500,JM1DE1HY6B0763002,1993,32
539,Lavinie,Bullion,LBULLIONBX@REUTERS.COM,Lexus,GS,1FT7W2A68EE917559,2008,17
540,Daniele,Dyte,DDYTEBY@SOGOU.COM,Volkswagen,Jetta III,WBA3A9C51CF973585,1994,31
541,Rainer,Diggin,RDIGGINBZ@QUANTCAST.COM,Dodge,Viper,JN1BV7AP7FM263783,1998,27
542,Jerrome,Angrave,JANGRAVEC0@PRLOG.ORG,Chevrolet,Corvette,JH4CW2H69EC662521,1988,37
543,Neda,Pozzi,NPOZZIC1@COLUMBIA.EDU,GMC,Safari,WA1FFCFS9FR296119,2000,25
544,Rolph,Josuweit,RJOSUWEITC2@123-REG.CO.UK,Mazda,MPV,3GYFNAE3XCS138429,2002,23
545,Cherice,Aspinall,CASPINALLC3@NETWORKADVERTISING.ORG,Ford,Ranger,WDDLJ7DB8EA435595,1985,40
546,Sharity,Praill,SPRAILLC4@CAM.AC.UK,Mazda,B-Series,1FTEW1CF8FK879431,1992,33
547,Bren,Cozby,BCOZBYC5@CHRONOENGINE.COM,Toyota,Solara,KMHGC4DD4CU225735,1999,26
548,Bax,Noar,BNOARC6@JIATHIS.COM,Jeep,Cherokee,WBAVA37508N679317,1996,29
549,Janeczka,Dran,JDRANC7@BOSTON.COM,Lexus,ES,JTHBC1KS4B5177417,2003,22
550,Matias,Clapp,MCLAPPC8@OVH.NET,GMC,Sierra 3500HD,3C3CFFER6ET970259,2006,19
551,Nathalia,Pendre,NPENDREC9@GOOGLE.COM.BR,MINI,Cooper,3G5DB03E63S485378,2009,16
552,Elvis,McGrirl,EMCGRIRLCA@PINTEREST.COM,Audi,A6,3LN6L2G9XFR542373,2006,19
553,Dominic,Casolla,DCASOLLACB@GOOGLE.CO.JP,Toyota,Celica,NM0KS9ANXAT857263,2004,21
554,Jacinda,Coffelt,JCOFFELTCC@BEHANCE.NET,Dodge,Sprinter,1C4NJCBA7DD070670,2009,16
555,Fayth,Menendez,FMENENDEZCD@ADMIN.CH,Mercedes-Benz,CLK-Class,WAUKG58E55A267991,2008,17
556,Pattie,McGennis,PMCGENNISCE@DOMAINMARKET.COM,Infiniti,I,WBA4B1C53FD673985,1997,28
557,Dari,Shallow,DSHALLOWCF@GOOGLE.FR,Mercedes-Benz,S-Class,WBALW3C53DC589390,2003,22
558,Kalle,Manford,KMANFORDCG@ARSTECHNICA.COM,Nissan,Sentra,WA1EV94L18D331023,2011,14
559,Padgett,Yvon,PYVONCH@TECHNORATI.COM,Ford,Expedition EL,WP0AB2A97FS967256,2008,17
560,Trever,McGrorty,TMCGRORTYCI@BUSINESSWIRE.COM,BMW,X3,WAUAFAFH1BN938727,2008,17
561,Algernon,Baglow,ABAGLOWCJ@UMN.EDU,Kia,Rio,WBAPH7G56BN573537,2003,22
562,Wallace,Yanne,WYANNECK@NBCNEWS.COM,Land Rover,Discovery,WBANV135X8B000346,2005,20
563,Pattie,Bauchop,PBAUCHOPCL@COMSENZ.COM,Mercury,Grand Marquis,WAUSF98EX7A970533,1990,35
564,Hermon,Blackstock,HBLACKSTOCKCM@HAO123.COM,Chrysler,Town & Country,3D7TP2CT3BG001822,1993,32
565,Othello,Jerisch,OJERISCHCN@GOOGLE.COM.BR,Hummer,H1,WAUGN74F49N064062,1998,27
566,Vinnie,Tooth,VTOOTHCO@NAROD.RU,Kia,Carens,1GYUKEEJ5AR636950,2009,16
567,Eugenius,Welham,EWELHAMCP@MYSPACE.COM,Mazda,Mazda6,5NPDH4AE3DH952835,2007,18
568,Pamelina,Phoenix,PPHOENIXCQ@UN.ORG,Ford,F150,1FTNF2A50AE669316,2001,24
569,Layney,Easen,LEASENCR@DYNDNS.ORG,Chevrolet,Traverse,1G6AR5SX7F0248002,2011,14
570,Doria,Prattington,DPRATTINGTONCS@CDC.GOV,Saab,3-Sep,1G6KD57YX2U324870,2010,15
571,Regina,Alsopp,RALSOPPCT@BUSINESSINSIDER.COM,Chevrolet,Corvette,1FTEX1CM7CF313745,1961,64
572,Morgen,Arguile,MARGUILECU@UNESCO.ORG,Daewoo,Nubira,WVWAP7ANXEE106436,2000,25
573,Bee,Coning,BCONINGCV@COMCAST.NET,GMC,Yukon,WAUMFAFL3CA738149,2009,16
574,Bev,Cossons,BCOSSONSCW@LIST-MANAGE.COM,Ford,LTD,JTMHY7AJ5A4604391,1984,41
575,Chlo,Stodart,CSTODARTCX@AOL.COM,Spyker,C8 Double 12 S,1N6AF0KY1FN653483,2006,19
576,Benoite,Dene,BDENECY@JAPANPOST.JP,Acura,TL,2HNYD186X3H467961,2001,24
577,Mathilda,Battrick,MBATTRICKCZ@GEOCITIES.JP,Aston Martin,Vanquish S,WBAUC9C52DV163582,2006,19
578,Valentina,Maffy,VMAFFYD0@NIH.GOV,Ford,F-Series,WBAUC9C51DV384199,2011,14
579,Lindsay,Oldroyde,LOLDROYDED1@CHRON.COM,Pontiac,Bonneville,5UXZV4C57BL359062,1967,58
580,Chicky,Hallifax,CHALLIFAXD2@ABOUT.ME,Chrysler,Cirrus,1FMJK1F52AE304838,1995,30
581,Farrel,Strickett,FSTRICKETTD3@CA.GOV,Porsche,Cayenne,WAUSH78E57A344600,2010,15
582,Raimondo,Belk,RBELKD4@SEESAA.NET,Ford,Ranger,1GTN1TEH1FZ114421,1989,36
583,Tiffi,Boribal,TBORIBALD5@DEDECMS.COM,Chevrolet,Tahoe,19UUA9E56EA352350,2012,13
584,Marlyn,Pigram,MPIGRAMD6@IHG.COM,Dodge,Durango,WBASP2C50CC553092,2006,19
585,Lorilee,Houldin,LHOULDIND7@STUMBLEUPON.COM,Kia,Soul,JN8AZ1MU9AW285412,2010,15
586,Victoria,Aucourte,VAUCOURTED8@HISTATS.COM,GMC,Safari,JTEBU5JR5C5288477,1995,30
587,Emmye,Maas,EMAASD9@PEN.IO,Volkswagen,GTI,1G4GF5G38FF864581,2009,16
588,Cookie,Josefsohn,CJOSEFSOHNDA@SLASHDOT.ORG,Volkswagen,GTI,2G4GN5EX7F9782343,2000,25
589,Blisse,Miere,BMIEREDB@HUFFINGTONPOST.COM,Ford,Mustang,2T1BURHE8FC266155,1966,59
590,Iolanthe,Hawkswood,IHAWKSWOODDC@SHOP-PRO.JP,Nissan,240SX,1FTSW2B55AE602521,1992,33
591,Verge,Gorusso,VGORUSSODD@VA.GOV,Hyundai,Sonata,2G4WY55J521570581,2007,18
592,Valerye,Beney,VBENEYDE@GOOGLE.CA,Dodge,Dakota Club,1G6AB5R36F0719032,1995,30
593,Vincenz,Barley,VBARLEYDF@CLOUDFLARE.COM,Mitsubishi,GTO,WDDNG9FB1DA575101,1991,34
594,Mureil,Blundel,MBLUNDELDG@GEOCITIES.JP,Nissan,300ZX,JH4DC54805S316711,1991,34
595,Modestia,Mattys,MMATTYSDH@AMAZON.COM,Ford,Club Wagon,1GYS4HEF6ER298768,1998,27
596,Tressa,Osbaldstone,TOSBALDSTONEDI@DISCOVERY.COM,Mercedes-Benz,Sprinter,1B3BD2FB1BN814148,2010,15
597,Lanae,Saunter,LSAUNTERDJ@CONSTANTCONTACT.COM,Audi,Allroad,WBAWR33537P288703,2001,24
598,Dimitri,Flockhart,DFLOCKHARTDK@CANALBLOG.COM,Ford,Laser,5N1AR1NB3AC446438,1989,36
599,Cart,Brunner,CBRUNNERDL@51.LA,GMC,Envoy,2C3CDXCT0FH884577,1998,27
600,Luca,Bampkin,LBAMPKINDM@WHO.INT,Mazda,Mazda6,5TDBKRFH3ES977979,2003,22
601,Ivy,Vallack,IVALLACKDN@BIGLOBE.NE.JP,Mitsubishi,Mighty Max,WAU3VAFR2BA702499,1986,39
602,Aleda,Franzolini,AFRANZOLINIDO@UNESCO.ORG,Volkswagen,riolet,1G6DJ8EYXB0518022,1992,33
603,Mavra,Tibols,MTIBOLSDP@UNBLOG.FR,Volvo,XC90,WBY2Z2C57FV820863,2004,21
604,Kelcy,Leyman,KLEYMANDQ@GOOGLE.COM,Audi,S8,2LMHJ5ATXCB306812,2007,18
605,Flory,Petrak,FPETRAKDR@LIVEJOURNAL.COM,Lexus,GX,5UXWX9C58DL056725,2008,17
606,Domenic,Anselm,DANSELMDS@SEATTLETIMES.COM,Audi,S6,WBANE73567C844122,2003,22
607,Alejandrina,Vickerstaff,AVICKERSTAFFDT@GO.COM,Buick,Regal,19UUA8F72CA263902,1989,36
608,Dirk,Burgett,DBURGETTDU@WIKISPACES.COM,Infiniti,G,WVWGU7AN6AE937798,2011,14
609,Johnny,Basnall,JBASNALLDV@SO-NET.NE.JP,Chevrolet,Camaro,JN1AZ4EH1DM658637,1994,31
610,Deidre,Pargent,DPARGENTDW@USA.GOV,Pontiac,Grand Prix,1G4HP52K13U801121,1993,32
611,Robby,Willarton,RWILLARTONDX@SIMPLEMACHINES.ORG,Volkswagen,Cabriolet,1GKS1CKJ4FR685710,1995,30
612,Lisa,Bretherick,LBRETHERICKDY@FOTKI.COM,Ferrari,California,WA1VMBFEXAD658082,2010,15
613,Richart,Abazi,RABAZIDZ@STUMBLEUPON.COM,Nissan,350Z,WAUDV74F07N744153,2006,19
614,Harri,Wickendon,HWICKENDONE0@MACROMEDIA.COM,Chevrolet,Express 2500,WBAGN63482D038988,2007,18
615,Maurits,Cardall,MCARDALLE1@ALIBABA.COM,Nissan,Frontier,2C3CA3CV0AH659264,2005,20
616,Leann,Eisikowitch,LEISIKOWITCHE2@BIGCARTEL.COM,Toyota,Corolla,JTHBL5EF4B5503660,2002,23
617,Roseline,Lindenberg,RLINDENBERGE3@FDA.GOV,Suzuki,Grand Vitara,1N6AF0KY6FN830948,2002,23
618,Patrice,Barense,PBARENSEE4@IMAGESHACK.US,Volkswagen,Passat,WDDGF4HB1EA916638,1998,27
619,Lek,Mouat,LMOUATE5@WEBS.COM,Pontiac,Safari,3C6TD4DT6CG643523,1988,37
620,Davon,Feldmark,DFELDMARKE6@123-REG.CO.UK,Ford,Mustang,SCBCR7ZA9AC412525,1983,42
621,Tomasine,Clymer,TCLYMERE7@REVERBNATION.COM,Volkswagen,Jetta,KNAFX6A8XE5164862,1985,40
622,Karlen,Valerius,KVALERIUSE8@APPLE.COM,Chrysler,Town & Country,2FMGK5BC1AB891485,2012,13
623,Maxine,Pessel,MPESSELE9@163.COM,Lincoln,Continental,1GT01XEG7FZ712912,2000,25
624,Nancee,Eggar,NEGGAREA@EHOW.COM,Land Rover,Range Rover,19VDE1F5XFE179376,2004,21
625,Ingamar,Olenchikov,IOLENCHIKOVEB@ABC.NET.AU,BMW,7 Series,5J6TF3H39CL250409,1998,27
626,Johann,Denholm,JDENHOLMEC@BLOGS.COM,GMC,Savana Cargo Van,4A4AP3AU5DE722438,2006,19
627,Bethany,Morrallee,BMORRALLEEED@NETLOG.COM,Subaru,Forester,3N1BC1AP2BL197697,2011,14
628,Wake,Guterson,WGUTERSONEE@BLOOMBERG.COM,Eagle,Talon,4T1BK1EB6EU591286,1992,33
629,Obie,Farrens,OFARRENSEF@SBWIRE.COM,Chrysler,PT Cruiser,5TFAW5F12FX508700,2007,18
630,Mellicent,Josef,MJOSEFEG@MASHABLE.COM,Acura,SLX,19UUA66265A565298,1998,27
631,Katharyn,Bompass,KBOMPASSEH@AMAZON.CO.UK,Chevrolet,Corvair 500,1G6DC8E35E0327658,1963,62
632,Oliy,Eldered,OELDEREDEI@EBAY.COM,Acura,NSX,5TFBW5F17BX206169,1992,33
633,Torey,Fasset,TFASSETEJ@CAFEPRESS.COM,Isuzu,Rodeo,19UUA66205A681953,2000,25
634,Alfons,Pawlyn,APAWLYNEK@PARALLELS.COM,Oldsmobile,Intrigue,KNADH5A30A6528360,2000,25
635,Francklyn,Gronous,FGRONOUSEL@FEEDBURNER.COM,Porsche,Cayman,WAUAF98E15A144372,2006,19
636,Tait,Dashwood,TDASHWOODEM@EBAY.CO.UK,Mercedes-Benz,CL-Class,5BZBF0AA0FN274051,2008,17
637,Katherina,Mertsching,KMERTSCHINGEN@NHS.UK,Lincoln,Continental,JTHBB1BA9B2899851,1997,28
638,Yorgo,Kearney,YKEARNEYEO@1UND1.DE,Ferrari,458 Italia,WAUFFAFL8CA626696,2011,14
639,Gwenette,Birley,GBIRLEYEP@APACHE.ORG,Toyota,Tacoma,3G5DA03E03S501061,2004,21
640,Greggory,Lawerence,GLAWERENCEEQ@TED.COM,BMW,7 Series,JTHFF2C26E2384183,1997,28
641,Ernesta,Elliss,EELLISSER@BIGCARTEL.COM,Nissan,Murano,JN1AZ4EH8AM530469,2005,20
642,Martin,Fronek,MFRONEKES@VK.COM,Mitsubishi,Mirage,1G6DV1EP0F0298169,1987,38
643,D'arcy,Baglan,DBAGLANET@BIGCARTEL.COM,Chevrolet,Express,WA1LGBFE3CD378991,2012,13
644,Irwinn,Densumbe,IDENSUMBEEU@GOOGLE.CN,Nissan,Pathfinder,WA1DGBFP3DA961831,1997,28
645,Teri,Raff,TRAFFEV@TINY.CC,Acura,TL,WAUAF78E85A588417,2009,16
646,Laurette,McMahon,LMCMAHONEW@SITEMETER.COM,Lamborghini,Diablo,2FMDK3GC9BB080714,1994,31
647,Hadley,Newarte,HNEWARTEEX@SEESAA.NET,Nissan,Quest,1G6DH577890999770,2009,16
648,Farrah,Barenskie,FBARENSKIEEY@GOO.NE.JP,Mercedes-Benz,CLK-Class,JTJHY7AX2F4515578,2008,17
649,Kerk,Ruffler,KRUFFLEREZ@EARTHLINK.NET,Isuzu,Rodeo,WAUDG98E56A290284,1999,26
650,Gustavus,Knewstub,GKNEWSTUBF0@OPENSOURCE.ORG,Oldsmobile,Achieva,2C3CDZATXFH942161,1993,32
651,Laird,Serman,LSERMANF1@UOL.COM.BR,Toyota,Camry,WBA4A7C51FD964829,2008,17
652,Malory,Prahm,MPRAHMF2@SKYPE.COM,Chevrolet,G-Series G20,JN1BY0AR7AM221719,1993,32
653,Brandy,Rolin,BROLINF3@UIUC.EDU,Dodge,Viper,WAUAKAFB1BN741676,2005,20
654,Mateo,Messingham,MMESSINGHAMF4@VINAORA.COM,BMW,Z4 M,WBABN53471J544414,2006,19
655,Georgy,Ackhurst,GACKHURSTF5@PAGINEGIALLE.IT,Mercury,Sable,WVWED7AJ7DW469194,1986,39
656,Kalil,Heare,KHEAREF6@CNET.COM,Dodge,Spirit,2G4WD552861567166,1992,33
657,Nappie,Holleran,NHOLLERANF7@SI.EDU,Pontiac,Parisienne,3VW4A7AT2DM703390,1986,39
658,Adelheid,Mayler,AMAYLERF8@EZINEARTICLES.COM,Oldsmobile,Cutlass,3D7TT2CTXBG346728,1998,27
659,Emelia,Wims,EWIMSF9@GOOGLE.RU,Austin,Mini,WAUPFBFM2BA762341,1963,62
660,Cornie,Sloper,CSLOPERFA@NYU.EDU,Lexus,LX,WAUPFAFM3BA931373,2008,17
661,Corella,Matys,CMATYSFB@WIKIPEDIA.ORG,Ford,Taurus,1FTSX2A55AE629040,2009,16
662,Yolande,Dumphries,YDUMPHRIESFC@ARIZONA.EDU,Volkswagen,Type 2,1G6DL1E39C0743099,1989,36
663,Cindy,Sinderland,CSINDERLANDFD@TINY.CC,Lamborghini,Diablo,19UYA41773A675945,1999,26
664,Tabatha,Chartman,TCHARTMANFE@BBB.ORG,Chevrolet,G-Series G20,WAUDFAFC9EN675151,1994,31
665,Olav,Behn,OBEHNFF@NETWORKSOLUTIONS.COM,Jaguar,XK Series,3C6TD5ET3CG388379,2000,25
666,Codee,Fumagallo,CFUMAGALLOFG@EUROPA.EU,Jaguar,X-Type,1G6KE54Y05U223780,2002,23
667,Buddie,Bounds,BBOUNDSFH@YANDEX.RU,Dodge,Ram 3500,JHMZF1C60DS076290,2007,18
668,Cornie,Stebbin,CSTEBBINFI@GOOGLE.CO.UK,Ford,Econoline E350,1N6BF0KL2FN396228,1995,30
669,Cori,Suttill,CSUTTILLFJ@JUGEM.JP,Ford,Bronco,3VWA17AU5FM134758,1984,41
670,Westbrook,Rounsefell,WROUNSEFELLFK@TUMBLR.COM,Buick,Riviera,3N1AB7AP1FY707337,1991,34
671,Salem,Versey,SVERSEYFL@GODADDY.COM,Infiniti,Q,WAUBNBFBXBN600235,2006,19
672,Zacherie,Priscott,ZPRISCOTTFM@JUGEM.JP,Dodge,Ram Van 3500,WBAFR9C57BD429835,1995,30
673,Alena,Rosenblath,AROSENBLATHFN@SINA.COM.CN,Volvo,850,1G6DH5EG4A0116870,1996,29
674,Tobe,Linnit,TLINNITFO@OX.AC.UK,Pontiac,Torrent,JTHBK1EG4B2486574,2008,17
675,Flss,Miskelly,FMISKELLYFP@CNN.COM,GMC,Sierra 2500,JHMZF1C63CS115050,2008,17
676,Faustina,Gilling,FGILLINGFQ@VA.GOV,GMC,Savana 3500,4A31K5DF2BE916255,2004,21
677,Jocelyn,MacSkeagan,JMACSKEAGANFR@SHAREASALE.COM,Mercury,Mountaineer,5TDDK3DC2BS214571,2003,22
678,Cookie,Dowson,CDOWSONFS@PRLOG.ORG,Buick,LeSabre,WAULC68E82A810820,1998,27
679,Augusto,Rosini,AROSINIFT@CRAIGSLIST.ORG,Oldsmobile,Bravada,1G6AT5SX6E0932491,1992,33
680,Sharon,Bursnell,SBURSNELLFU@GO.COM,Kia,Sorento,YV4940BZ4E1638452,2007,18
681,Claiborn,Spillard,CSPILLARDFV@CHINA.COM.CN,Dodge,Dakota Club,KNAGM4AD5D5181761,1995,30
682,Brenda,Nannizzi,BNANNIZZIFW@SO-NET.NE.JP,Toyota,4Runner,WAUAF68E15A383046,2012,13
683,Melly,Snasdell,MSNASDELLFX@JIGSY.COM,Mitsubishi,Pajero,1G6DS1E39C0449981,1984,41
684,Tedmund,Thomelin,TTHOMELINFY@ELEGANTTHEMES.COM,Lincoln,Aviator,2HNYD283X7H572775,2005,20
685,Louisette,Glewe,LGLEWEFZ@CBC.CA,Mitsubishi,Montero Sport,WAUAH94FX6N733486,2001,24
686,Selena,Mumberson,SMUMBERSONG0@UMN.EDU,Chrysler,PT Cruiser,1G4PP5SK7F4349563,2008,17
687,Dallis,Coffelt,DCOFFELTG1@PRWEB.COM,Porsche,911,1GYS4HEF6BR217280,1989,36
688,Pauly,Bellanger,PBELLANGERG2@TOPLIST.CZ,Oldsmobile,Cutlass Supreme,3VWJP7AT1CM863633,1997,28
689,Wittie,Baselli,WBASELLIG3@TOPSY.COM,Dodge,Durango,1GTG5AEA4F1047879,2005,20
690,Jeffie,Siggers,JSIGGERSG4@HUGEDOMAINS.COM,Geo,Tracker,3N1AB6AP9CL633734,1997,28
691,Hubie,Dominicacci,HDOMINICACCIG5@BIBLEGATEWAY.COM,Volvo,XC90,JM1NC2JF0C0518545,2008,17
692,Spence,Clifft,SCLIFFTG6@GITHUB.IO,Pontiac,Firebird,WA1CGAFE7BD487415,1988,37
693,Shurwood,Labitt,SLABITTG7@NETVIBES.COM,Porsche,911,WAUDH74FX7N059245,1991,34
694,Guglielma,McGrah,GMCGRAHG8@ECONOMIST.COM,Mazda,Protege,3FAHP0CG1AR576582,1993,32
695,Christen,Sabey,CSABEYG9@EXBLOG.JP,Lexus,LFA,WDCGG5GB9AF279519,2012,13
696,Lorraine,Staner,LSTANERGA@SOHU.COM,Ford,Expedition EL,1C4AJWAG8CL203298,2010,15
697,Desiree,Landsborough,DLANDSBOROUGHGB@PAGESPERSO-ORANGE.FR,Chevrolet,G-Series G30,1G6AB5R33F0812381,1996,29
698,Modesty,Mullinder,MMULLINDERGC@FEMA.GOV,Lotus,Elise,WAUCD54B14N029491,2009,16
699,Kerry,Grzegorek,KGRZEGOREKGD@ARCHIVE.ORG,BMW,5 Series,KNAFU6A26D5669865,1992,33
700,Cybill,Petracek,CPETRACEKGE@CHICAGOTRIBUNE.COM,Ford,Crown Victoria,5N1AN0NW0FN181627,1998,27
701,Rawley,Redferne,RREDFERNEGF@GO.COM,Isuzu,Trooper,2G4GU5EVXC9817826,1993,32
702,Tori,Poulton,TPOULTONGG@INDIATIMES.COM,Chevrolet,2500,4T1BF3EK3BU131689,2000,25
703,Kim,Lawden,KLAWDENGH@NETSCAPE.COM,Kia,Amanti,WA1CMAFE5BD798687,2006,19
704,Annmaria,Gallahar,AGALLAHARGI@JOOMLA.ORG,Mercury,Tracer,WBAKF3C58CE887187,1996,29
705,Artemas,Tomlinson,ATOMLINSONGJ@ADOBE.COM,Toyota,MR2,KMHEC4A45DA406115,1985,40
706,Neill,Wedderburn,NWEDDERBURNGK@FURL.NET,BMW,M5,3VW1K7AJ5DM330005,2006,19
707,Freddy,Savege,FSAVEGEGL@LYCOS.COM,BMW,Z3,WBAWV53539P022169,1997,28
708,Lauri,Wartnaby,LWARTNABYGM@YOLASITE.COM,Infiniti,Q,WAUHMBFC9EN167808,2005,20
709,Bryant,Lyall,BLYALLGN@TOPLIST.CZ,Nissan,Altima,KNAGM4AD6E5569146,2009,16
710,Iseabal,Suddick,ISUDDICKGO@OPENSOURCE.ORG,Dodge,Ram 1500,KMHGN4JE4FU557086,1998,27
711,Milissent,Simkin,MSIMKINGP@GOOGLE.ES,Mitsubishi,Tredia,JN1BV7AP5FM277035,1984,41
712,Agathe,Flitcroft,AFLITCROFTGQ@DEVIANTART.COM,Toyota,Prius,KL4CJGSB2DB543663,2003,22
713,Lewes,Paulusch,LPAULUSCHGR@GOOGLE.ES,Acura,SLX,1HGCR2E56DA594694,1999,26
714,Shermy,McCurley,SMCCURLEYGS@BING.COM,Aston Martin,Virage,KNADH4A38A6583455,2011,14
715,Leola,Jager,LJAGERGT@NETSCAPE.COM,Acura,Integra,WAUDGAFL9BA651027,2000,25
716,Muire,Dunkerley,MDUNKERLEYGU@ISTOCKPHOTO.COM,BMW,5 Series,1FTSW2B53AE217684,1999,26
717,Sancho,Fauning,SFAUNINGGV@GLOBO.COM,MINI,Clubman,WAUDFAFL9FN186959,2009,16
718,Cris,Blacksland,CBLACKSLANDGW@MASHABLE.COM,Chevrolet,Tahoe,WAUAFAFH2EN928230,1997,28
719,Marillin,Bottoms,MBOTTOMSGX@LIVEJOURNAL.COM,Nissan,Maxima,WAUEFAFL8EA499432,1994,31
720,Millicent,Grass,MGRASSGY@BLOGGER.COM,GMC,Sierra,WAUMF78K49A286745,2007,18
721,Geno,Poinsett,GPOINSETTGZ@VKONTAKTE.RU,Mercury,Villager,1G6AR5S30F0737323,1998,27
722,Marillin,Trewhitt,MTREWHITTH0@SOURCEFORGE.NET,Ford,Mustang,4JGCB2FE9BA438661,1994,31
723,Heloise,Baus,HBAUSH1@BBB.ORG,Lincoln,MKT,WA1DVAFE3AD346138,2011,14
724,Brenn,Dillestone,BDILLESTONEH2@BBC.CO.UK,Lamborghini,Countach,1G6AY5S3XE0641281,1989,36
725,Bernelle,Burnapp,BBURNAPPH3@NIH.GOV,Chevrolet,Cavalier,WBAVC935X8K403943,2003,22
726,Cordy,Breem,CBREEMH4@ADDTOANY.COM,Chevrolet,3500,WAUJC58E85A841040,1993,32
727,Garrard,Trivett,GTRIVETTH5@STATE.TX.US,Mercedes-Benz,CL-Class,WBA3N3C55FK036137,2006,19
728,Dino,Castagnone,DCASTAGNONEH6@HUD.GOV,Honda,Prelude,WAUKF78E47A322318,2000,25
729,Morganica,Willock,MWILLOCKH7@GIZMODO.COM,Mercedes-Benz,C-Class,4T3BA3BB8CU356363,2005,20
730,Irvine,Benian,IBENIANH8@GUARDIAN.CO.UK,Nissan,Pathfinder,JN8AF5MR8FT342655,2001,24
731,Charil,Simester,CSIMESTERH9@TRIPADVISOR.COM,Saab,900,WAUMR94E59N864573,1988,37
732,Idalina,Splevin,ISPLEVINHA@LIVE.COM,Cadillac,Eldorado,4JGDA2EBXDA956912,1995,30
733,Betta,Krinks,BKRINKSHB@HARVARD.EDU,Isuzu,Rodeo,1D7RE3GK8BS977286,1999,26
734,Kizzie,Bounds,KBOUNDSHC@NPR.ORG,Volkswagen,riolet,WBALL5C51EP935547,1993,32
735,Shalna,McCullock,SMCCULLOCKHD@XREA.COM,Acura,RL,1G6DG5EY9B0499895,2011,14
736,Charil,Drever,CDREVERHE@UMN.EDU,Nissan,Sentra,WAUXU64B12N976678,1993,32
737,Erich,Waldera,EWALDERAHF@HHS.GOV,Hyundai,Veracruz,WVGEF9BP1FD495065,2011,14
738,Rickey,Beech,RBEECHHG@DELICIOUS.COM,Honda,Civic Si,JH4CL95958C013187,2005,20
739,Humfrey,Obee,HOBEEHH@GITHUB.IO,Chevrolet,S10 Blazer,WAUAFAFL6CN583463,1993,32
740,Tomlin,Akam,TAKAMHI@REFERENCE.COM,Toyota,FJ Cruiser,WP1AE2A21CL679650,2012,13
741,Mufinella,Von Welden,MVONWELDENHJ@SCIENCEDAILY.COM,Lotus,Elan,WBAFU9C50BC872042,1992,33
742,Willy,Churchley,WCHURCHLEYHK@SHAREASALE.COM,Chevrolet,TrailBlazer,JN1CV6EK7BM797129,2006,19
743,Abdel,Luckwell,ALUCKWELLHL@DELL.COM,Mitsubishi,Cordia,1FMJK1J55AE561807,1986,39
744,Durand,Ricard,DRICARDHM@BRAVESITES.COM,Chevrolet,G-Series 2500,1G6DU6EV6A0738323,1996,29
745,Camila,Echalie,CECHALIEHN@XING.COM,Bentley,Continental GTC,WA1LFBFP8BA644123,2008,17
746,Grace,Henrot,GHENROTHO@EHOW.COM,Saab,900,JN1BV7AP4FM548411,1995,30
747,Lotta,Gluyus,LGLUYUSHP@CENSUS.GOV,Volkswagen,Passat,19UYA425X1A697156,1997,28
748,Riley,Nazer,RNAZERHQ@HARVARD.EDU,Volkswagen,Passat,WAUZL54BX1N152506,2012,13
749,Cassondra,McPhate,CMCPHATEHR@CAM.AC.UK,Toyota,Corolla,1G4CW54K844336509,1995,30
750,Mike,De Mars,MDEMARSHS@STATE.TX.US,Mitsubishi,Eclipse,SALFR2BN3AH995891,1993,32
751,Armin,Fowler,AFOWLERHT@BIBLEGATEWAY.COM,Scion,xB,WAULD54B13N422986,2008,17
752,Maison,McCosh,MMCCOSHHU@MAPY.CZ,Jaguar,X-Type,KMHHT6KD8AU317544,2008,17
753,Cassie,Schultes,CSCHULTESHV@BLOGLOVIN.COM,Hyundai,Elantra,2G4WY55J321766941,2001,24
754,Bradney,Yellowlees,BYELLOWLEESHW@UCOZ.COM,Pontiac,Sunbird,1G6DK67V880838520,1984,41
755,Raina,Dawidsohn,RDAWIDSOHNHX@CHINA.COM.CN,GMC,2500,JM1GJ1T62E1223319,1997,28
756,Winnifred,Abby,WABBYHY@BARNESANDNOBLE.COM,Ford,Mustang,JH4NA12632T393292,1995,30
757,Dodie,Gibbens,DGIBBENSHZ@PRLOG.ORG,Subaru,Forester,WAURV78T19A939713,1998,27
758,Putnam,Vigors,PVIGORSI0@KICKSTARTER.COM,Mitsubishi,L300,3VWJP7AT2CM848025,1989,36
759,Kellby,Ricardon,KRICARDONI1@CDBABY.COM,Nissan,NX,WBA3C3C51EK833974,1992,33
760,Rikki,Starr,RSTARRI2@BUSINESSWEEK.COM,BMW,Z4 M,1G4GD5GR5CF759356,2009,16
761,Jessie,Habbershon,JHABBERSHONI3@HEXUN.COM,GMC,Sierra,WBAEV53483K739805,2012,13
762,Lotty,Swaffield,LSWAFFIELDI4@FRIENDFEED.COM,Maserati,228,WAUFGAFC7EN995784,1990,35
763,Gertrud,Josephov,GJOSEPHOVI5@TOPSY.COM,Land Rover,Freelander,WA1VMAFPXEA215188,2009,16
764,Hadlee,Carling,HCARLINGI6@FREEWEBS.COM,Buick,Rendezvous,JM3KE2BE8E0740408,2002,23
765,Dniren,Lordon,DLORDONI7@MOONFRUIT.COM,Saturn,L-Series,WAUHF78P68A115054,2004,21
766,Lin,Corradeschi,LCORRADESCHII8@MIIBEIAN.GOV.CN,Isuzu,Trooper,1G4PR5SK0D4639392,1992,33
767,Jeanine,Bundock,JBUNDOCKI9@EPA.GOV,BMW,600,WA1YD64B94N095086,1957,68
768,Eadmund,Karolczyk,EKAROLCZYKIA@DEVIANTART.COM,Volkswagen,Golf,3D7TT2CT5BG789160,1988,37
769,Jeanne,Hellin,JHELLINIB@LIVEJOURNAL.COM,Ford,F250,WA1YD64B24N104689,1996,29
770,Rickert,Wormstone,RWORMSTONEIC@SCIENCEDAILY.COM,Mazda,MX-5,2T1BU4EEXDC457130,1997,28
771,Fredek,Pettigrew,FPETTIGREWID@WIKIPEDIA.ORG,GMC,1500,WA1BY94L48D829310,1994,31
772,Tristam,Cuolahan,TCUOLAHANIE@163.COM,Infiniti,G,2C3CDZFJXFH353859,2005,20
773,Sunshine,Trundler,STRUNDLERIF@NATIONALGEOGRAPHIC.COM,Mitsubishi,Montero,WVGAV7AX7CW015182,1995,30
774,Tye,Songist,TSONGISTIG@WIKIMEDIA.ORG,Mazda,Mazda6,KMHD35LH6FU116999,2010,15
775,Xever,Grierson,XGRIERSONIH@CANALBLOG.COM,Subaru,Impreza WRX,JH4KB16598C570003,2010,15
776,Josefina,Jenyns,JJENYNSII@TINY.CC,Ford,F250,1N6AA0EJ8FN155603,2000,25
777,Jamey,Osban,JOSBANIJ@NETSCAPE.COM,Aston Martin,DBS,1G4HC5EM2BU246848,2010,15
778,Ronni,Mobius,RMOBIUSIK@THEGLOBEANDMAIL.COM,Subaru,Forester,1N4AA5AP4EC297554,2011,14
779,Rachele,Blouet,RBLOUETIL@MAC.COM,Oldsmobile,Bravada,1FTKR1AD7AP058926,1997,28
780,Pegeen,Tomalin,PTOMALINIM@COMSENZ.COM,Audi,TT,1G6DP577560542252,2005,20
781,Robbert,Kellett,RKELLETTIN@MYSQL.COM,Ford,F350,1FMHK7B8XCG974923,2000,25
782,Aurora,Fearby,AFEARBYIO@PHOCA.CZ,Dodge,Caravan,WAU4GAFB7AN673607,2010,15
783,Ivonne,MacCallum,IMACCALLUMIP@GOODREADS.COM,Ford,Fusion,19UYA426X2A360089,2009,16
784,Katherine,Gartsyde,KGARTSYDEIQ@MEETUP.COM,Mazda,MX-6,WBAYA8C58DC042312,1995,30
785,Debi,Spaughton,DSPAUGHTONIR@GOO.GL,Audi,A4,1GKS1HE0XER930539,2009,16
786,Loria,O' Hanvey,LOHANVEYIS@SOUP.IO,Volkswagen,Jetta,2C3CCADT1CH232772,1991,34
787,Georgeanne,Barham,GBARHAMIT@ETSY.COM,Saab,900,1N6AF0KY7EN944715,1996,29
788,Mordy,Peyes,MPEYESIU@SYMANTEC.COM,Acura,TSX,WUAUUAFG4BN383613,2005,20
789,Karylin,Sterre,KSTERREIV@UMN.EDU,Chevrolet,Lumina,WAUEF78E88A284980,1997,28
790,Teirtza,Keld,TKELDIW@MIT.EDU,Mitsubishi,Mighty Max,1B3CC5FB2AN131902,1992,33
791,Hortense,Brotherheed,HBROTHERHEEDIX@GOOGLE.ES,Maserati,GranTurismo,1GYFK33289R591684,2011,14
792,Penn,Ritchings,PRITCHINGSIY@FT.COM,GMC,2500,JN1CV6EK6EM360484,1997,28
793,Lorraine,Barrowcliff,LBARROWCLIFFIZ@WEBEDEN.CO.UK,Ford,Club Wagon,WAUSF78E26A167914,1997,28
794,Arthur,Cranch,ACRANCHJ0@WEBNODE.COM,Mazda,Mazda3,WAULC58E15A789601,2005,20
795,Nichole,Shah,NSHAHJ1@BLOGLOVIN.COM,Saturn,Ion,19UUA9F23BA675125,2005,20
796,Bevin,Casterot,BCASTEROTJ2@GOO.GL,Toyota,Tacoma,JTHBE1BL1F1223186,1997,28
797,Athene,Mabe,AMABEJ3@YELLOWBOOK.COM,Maserati,Quattroporte,1G6DL67A780554581,2010,15
798,Leodora,Costanza,LCOSTANZAJ4@DYNDNS.ORG,Saab,9-4X,WBA3B1C56DK315607,2011,14
799,Gawen,Crooke,GCROOKEJ5@YOUTUBE.COM,Isuzu,Hombre Space,JTHDU1EF5E5138201,2000,25
800,Orel,Bern,OBERNJ6@SUN.COM,GMC,Vandura 1500,1N6AF0KX9FN454737,1993,32
801,Ranee,Worwood,RWORWOODJ7@OVER-BLOG.COM,Buick,Park Avenue,1G6DP8E33D0293299,1994,31
802,Ephraim,Giacubbo,EGIACUBBOJ8@AMEBLO.JP,Chrysler,Sebring,1G6AB5S36D0554638,1995,30
803,Valencia,Vase,VVASEJ9@WEBMD.COM,Mercedes-Benz,300SE,2HNYD28517H959300,1993,32
804,Donavon,Kubasek,DKUBASEKJA@YANDEX.RU,Jeep,Grand Cherokee,3D7JV1EP8BG336162,2005,20
805,Rosalinde,Westrip,RWESTRIPJB@PRINTFRIENDLY.COM,Dodge,Durango,WBANB53536C880412,2012,13
806,Joseito,Nesby,JNESBYJC@EXAMINER.COM,Mazda,Familia,WBANV1C56AC544620,1987,38
807,Ardra,Dorset,ADORSETJD@DION.NE.JP,Chrysler,PT Cruiser,1FTMF1EW5AF797506,2004,21
808,Gawen,Houndson,GHOUNDSONJE@JAPANPOST.JP,Dodge,Charger,2C3CCASG7DH630219,2012,13
809,Elyn,Giovanizio,EGIOVANIZIOJF@WILEY.COM,MINI,Cooper Clubman,1FTSX2A5XAE633438,2008,17
810,Mair,Krabbe,MKRABBEJG@ARMY.MIL,Buick,Riviera,WDDHF7GB6EA787321,1990,35
811,Junina,Pellew,JPELLEWJH@163.COM,Chevrolet,Corvette,WAUVC58EX5A303084,1975,50
812,Alvie,Broadbere,ABROADBEREJI@MULTIPLY.COM,Mercury,Cougar,JA32U2FU7EU889770,1988,37
813,Joella,Oxbe,JOXBEJJ@EVENTBRITE.COM,Buick,LeSabre,2T1BURHE2FC473351,1995,30
814,Tiffani,Vasilyonok,TVASILYONOKJK@NETSCAPE.COM,GMC,3500,5GAKVCED9CJ110021,1992,33
815,Allix,Landsberg,ALANDSBERGJL@TECHCRUNCH.COM,Pontiac,Bonneville,1G6KD57Y63U071869,1999,26
816,Wileen,Holhouse,WHOLHOUSEJM@TRELLIAN.COM,Cadillac,Catera,1FTSW2B57AE460852,2000,25
817,Rod,Omand,ROMANDJN@HC360.COM,Honda,Element,1G4HE57Y68U220711,2005,20
818,Freddie,Novak,FNOVAKJO@SKYPE.COM,Mazda,B-Series Plus,3GYFNKE46AS305669,1993,32
819,Alex,Yardley,AYARDLEYJP@SEATTLETIMES.COM,Saturn,L-Series,1GYEK63N52R745149,2002,23
820,Mariana,Palatino,MPALATINOJQ@YELP.COM,Honda,Fit,2G4WS52J251952335,2010,15
821,Kort,Sawkin,KSAWKINJR@PLALA.OR.JP,Dodge,Intrepid,1G6DU6EV5A0019628,1998,27
822,Hadlee,Petrik,HPETRIKJS@EPA.GOV,Mitsubishi,Expo,WAUKH74F36N630919,1992,33
823,Chan,Boyce,CBOYCEJT@EARTHLINK.NET,Chevrolet,Avalanche 2500,WBABD53476P993972,2005,20
824,Tresa,Daleman,TDALEMANJU@NAROD.RU,GMC,Jimmy,19UYA42601A898766,1993,32
825,Junette,Archanbault,JARCHANBAULTJV@PHOCA.CZ,Porsche,928,2T2BK1BA0EC943402,1991,34
826,Cordy,Roblett,CROBLETTJW@GOOGLE.RU,Chevrolet,Silverado 1500,WBAUT9C56CA439123,2008,17
827,Lisetta,Runchman,LRUNCHMANJX@SCIENCEDIRECT.COM,Subaru,Forester,WBA3N3C52EK929347,1999,26
828,Taddeo,Rickeard,TRICKEARDJY@SKYROCK.COM,BMW,1 Series,1GD120EG4BF940396,2011,14
829,Dasie,Liversage,DLIVERSAGEJZ@WEATHER.COM,Lincoln,Navigator L,1GD312CG8BF987859,2007,18
830,Tiler,Yude,TYUDEK0@HAO123.COM,Chevrolet,Cavalier,1G6KF57952U955979,1999,26
831,Bonnee,Benjamin,BBENJAMINK1@IMGUR.COM,Kia,Sedona,1GKLRKED6AJ754479,2011,14
832,Bastien,Mustard,BMUSTARDK2@BLOG.COM,Lotus,Esprit,JN1AZ4EH5EM901996,1992,33
833,Bank,MacKellar,BMACKELLARK3@NASA.GOV,Audi,A4,3D73Y4EL2AG329611,2003,22
834,Preston,Peasegood,PPEASEGOODK4@BBC.CO.UK,Aston Martin,Vantage,WAUAFAFL5AN798541,2008,17
835,Samuel,Godsmark,SGODSMARKK5@PHP.NET,Mazda,Mazda3,1C3BCBFG2DN187190,2008,17
836,Basilius,Claibourn,BCLAIBOURNK6@GOOGLE.RU,Lincoln,LS,TRUXD38JX91420461,2000,25
837,Donny,Wackly,DWACKLYK7@GLOBO.COM,Mercury,Sable,4USBU33588L819851,1990,35
838,Reeba,Connelly,RCONNELLYK8@MSU.EDU,Hyundai,Tucson,3VW1K7AJ7FM911430,2012,13
839,Perry,Littrick,PLITTRICKK9@HHS.GOV,Chevrolet,S10,2HNYD2H88DH134229,2001,24
840,Hendrika,Colvine,HCOLVINEKA@GODADDY.COM,Mazda,Protege,1C4RDJDG5DC726255,2000,25
841,Linnie,Beckey,LBECKEYKB@UPENN.EDU,GMC,Canyon,1G6DL8ED3B0140097,2008,17
842,Brewster,Mathonnet,BMATHONNETKC@COMSENZ.COM,GMC,Savana 3500,WVGAV7AXXCW033739,2001,24
843,Spike,Pren,SPRENKD@BLUEHOST.COM,Cadillac,Escalade,WAUEH64B51N157179,2003,22
844,Chico,Partington,CPARTINGTONKE@EUROPA.EU,Dodge,Dakota Club,WBAPH5G52AN106666,2006,19
845,Bryna,Rodden,BRODDENKF@NAROD.RU,Ford,E-Series,5GAKVDED4CJ888409,2008,17
846,Hashim,Vicker,HVICKERKG@CLOUDFLARE.COM,Subaru,Legacy,1FTSW2A59AE330816,1997,28
847,Janenna,Andrin,JANDRINKH@REDCROSS.ORG,Mercury,Cougar,WAUWFBFL5BA663340,1995,30
848,Roscoe,Duckers,RDUCKERSKI@TUMBLR.COM,Pontiac,Trans Sport,1FTEX1E88AK974138,1996,29
849,Melinde,Maddigan,MMADDIGANKJ@HOWSTUFFWORKS.COM,Isuzu,Hombre,2T1BU4EE7CC329443,1998,27
850,Barrett,Salzburger,BSALZBURGERKK@PRLOG.ORG,Subaru,XT,1GYS4DEF5DR016420,1988,37
851,Corbett,Muzzini,CMUZZINIKL@WEBMD.COM,Audi,TT,5LMJJ2H53AE908811,2004,21
852,Heinrik,Lathleiff,HLATHLEIFFKM@PRWEB.COM,Mercury,Capri,3C6TD5DTXCG331484,1984,41
853,Tommy,Boow,TBOOWKN@OCN.NE.JP,Chrysler,Imperial,5N3ZA0NC8AN903706,1992,33
854,Guss,Eddleston,GEDDLESTONKO@DEVIANTART.COM,Lotus,Esprit,1FTEW1CW6AK716902,1999,26
855,Celinda,Willmore,CWILLMOREKP@NPR.ORG,Oldsmobile,Bravada,2HKRM3H50DH090465,2000,25
856,Preston,Wardingly,PWARDINGLYKQ@ALIBABA.COM,Hyundai,Santa Fe,2C4RRGAGXDR352614,2006,19
857,Kevon,Boldison,KBOLDISONKR@INFOSEEK.CO.JP,Pontiac,Grand Prix,WA1CGAFE7BD745965,1982,43
858,Fairlie,Pedersen,FPEDERSENKS@SAKURA.NE.JP,Honda,Odyssey,1G6DM5ED9B0572267,2000,25
859,Toma,Mangion,TMANGIONKT@EPA.GOV,Daewoo,Nubira,WBA5M0C53ED139229,2002,23
860,Wynnie,Bemand,WBEMANDKU@BLOGTALKRADIO.COM,Jeep,Compass,3GYFNAEY9AS717047,2011,14
861,Aldric,Farra,AFARRAKV@VIMEO.COM,Subaru,XT,YV140MAK4F1915939,1987,38
862,Rog,Baudou,RBAUDOUKW@PHP.NET,Porsche,928,WBAHN03506D331848,1989,36
863,Adriane,Leeb,ALEEBKX@YCOMBINATOR.COM,Ford,Probe,1GYS4AKJ3FR173258,1991,34
864,Gale,Bernadzki,GBERNADZKIKY@SI.EDU,Mercedes-Benz,CL-Class,WBAEV33493P758077,2011,14
865,Lynnet,Harower,LHAROWERKZ@KICKSTARTER.COM,Mitsubishi,Tredia,SALCT2BG8FH115149,1985,40
866,Stormie,Corking,SCORKINGL0@CHINA.COM.CN,BMW,5 Series,WAUHFAFL4EN258490,1999,26
867,Rowen,Adamo,RADAMOL1@HOWSTUFFWORKS.COM,Mercury,Lynx,1HGCP2E39CA686465,1985,40
868,Ivy,Nortcliffe,INORTCLIFFEL2@PHP.NET,Pontiac,LeMans,JM1DE1HY3B0348462,1966,59
869,Billy,Andryushin,BANDRYUSHINL3@USATODAY.COM,Jaguar,S-Type,WBSBR93465P798643,2008,17
870,Brigitta,Haskayne,BHASKAYNEL4@XREA.COM,Land Rover,Range Rover,SALWR2VF4FA059296,2012,13
871,Olly,Heaney`,OHEANEYL5@USDA.GOV,Dodge,Ram Van 2500,KNDPB3AC6E7377658,2002,23
872,Storm,Stiger,SSTIGERL6@CBSNEWS.COM,Hyundai,Elantra,WA1WMBFEXCD364141,2005,20
873,Reggis,Blackborne,RBLACKBORNEL7@FLICKR.COM,Chevrolet,Tracker,1G4HR57Y07U930139,2001,24
874,Clevie,MacGruer,CMACGRUERL8@UNC.EDU,Mazda,Miata MX-5,WAUAFAFL2BN971692,2010,15
875,Luella,Darracott,LDARRACOTTL9@INFOSEEK.CO.JP,Lexus,LS,1G6AE5SXXF0274590,2009,16
876,Cristionna,Judge,CJUDGELA@NASA.GOV,Infiniti,FX,3D4PG5FV9AT883629,2004,21
877,Derwin,Clews,DCLEWSLB@SOUNDCLOUD.COM,Jeep,Cherokee,WBAWB7C52AP578630,2000,25
878,Claiborn,Hayworth,CHAYWORTHLC@ICQ.COM,Honda,Civic,JM3TB2BA7C0890260,1991,34
879,Ham,Ryhorovich,HRYHOROVICHLD@ADMIN.CH,Dodge,Aries,1FTMF1E8XAK026435,1981,44
880,Alvira,Blest,ABLESTLE@IHG.COM,Dodge,Ram Van 2500,1GTN1UEH4EZ057961,1996,29
881,Tyne,Mawman,TMAWMANLF@WEBMD.COM,BMW,5 Series,WBAKF9C53BE002928,1998,27
882,Morena,Carnegy,MCARNEGYLG@ADMIN.CH,Hyundai,Sonata,KNADM5A35D6442459,2013,12
883,Parnell,Jefford,PJEFFORDLH@BUSINESSWIRE.COM,Cadillac,Catera,1G6AK5S3XD0924165,1998,27
884,Alidia,Leimster,ALEIMSTERLI@MTV.COM,Porsche,Boxster,NM0KS7AN4AT420766,2010,15
885,Wood,Giacopini,WGIACOPINILJ@CMU.EDU,Mazda,Protege,WBAGH83451D412250,1997,28
886,Minta,Cruttenden,MCRUTTENDENLK@OX.AC.UK,Isuzu,Rodeo Sport,WAUDH98E27A690740,2001,24
887,Rafferty,Jerke,RJERKELL@MAPY.CZ,BMW,Z4 M Roadster,WBAEN33402E975365,2009,16
888,Goddard,Vacher,GVACHERLM@MOZILLA.ORG,Volkswagen,GTI,1N6BF0KX1FN927597,2012,13
889,Casper,Collymore,CCOLLYMORELN@SI.EDU,Cadillac,Escalade EXT,1GKS1EEF3DR252203,2003,22
890,Dill,Cattel,DCATTELLO@FOXNEWS.COM,Mazda,Mazda6,1G6DK1E30C0885084,2004,21
891,Terrill,Sharrock,TSHARROCKLP@BEHANCE.NET,Mazda,MX-6,3VWKX7AJ8AM393343,1991,34
892,Rip,Phillip,RPHILLIPLQ@EDUBLOGS.ORG,Ford,Probe,WA1LMAFE2DD838999,1989,36
893,Dosi,Wiltshier,DWILTSHIERLR@ALEXA.COM,Lincoln,Navigator,2HNYD2H80CH433468,2001,24
894,Vanya,D'Antonio,VDANTONIOLS@SEESAA.NET,Ford,Falcon,4JGBF2FE4BA025644,1967,58
895,Nanni,Morritt,NMORRITTLT@PBS.ORG,Isuzu,Rodeo,WAUMFAFR1FA146760,1994,31
896,Lorianna,Vellacott,LVELLACOTTLU@CONSTANTCONTACT.COM,Lexus,IS,5FPYK1F21AB427838,2007,18
897,Winnah,Robinett,WROBINETTLV@REDIFF.COM,Volkswagen,Cabriolet,1C3CDZBG8EN757727,2002,23
898,Krissie,Golborne,KGOLBORNELW@MIT.EDU,Subaru,Legacy,KNADH4A39A6629908,2000,25
899,Fredek,Langtry,FLANGTRYLX@PHP.NET,Jaguar,XJ Series,5N1AA0NE9FN331978,2003,22
900,Travers,Cosgreave,TCOSGREAVELY@NEWSVINE.COM,Volvo,C70,3FADP0L31AR968599,2013,12
901,Liza,Greenstock,LGREENSTOCKLZ@THEGUARDIAN.COM,BMW,545,3C4PDDEG8CT866407,2005,20
902,Lorianne,Jardine,LJARDINEM0@HUGEDOMAINS.COM,Lotus,Exige,WAUMF78P76A251480,2004,21
903,Rikki,Crathorne,RCRATHORNEM1@FREEWEBS.COM,GMC,Yukon XL 1500,1G6DC67A590751606,2010,15
904,Modestia,Hevey,MHEVEYM2@PATCH.COM,Acura,TSX,WBAVA37597N676625,2005,20
905,Curtice,Chate,CCHATEM3@CENSUS.GOV,Volkswagen,Cabriolet,WAUNF98P77A252789,1987,38
906,Faunie,Lilley,FLILLEYM4@SURVEYMONKEY.COM,Dodge,Magnum,JM1CW2BL3C0988572,2005,20
907,Daryl,Nann,DNANNM5@IBM.COM,Honda,S2000,3D73Y4EL6BG579743,2002,23
908,Marthena,MacNamara,MMACNAMARAM6@INDIATIMES.COM,Saturn,Sky,WAUWFAFR6DA670640,2009,16
909,Elyssa,Myrtle,EMYRTLEM7@CONSTANTCONTACT.COM,Lexus,GS,JTJBC1BA1E2297798,2010,15
910,Diannne,Mollin,DMOLLINM8@CNN.COM,Ford,Aerostar,JN8AF5MR3CT737967,1988,37
911,Alvina,Georgeou,AGEORGEOUM9@HUBPAGES.COM,Mercedes-Benz,400SE,JN1CV6AP3DM562408,1992,33
912,Nikoletta,Tripcony,NTRIPCONYMA@MOONFRUIT.COM,Saab,9000,WAUWFAFRXCA675547,1996,29
913,Felike,Pirrone,FPIRRONEMB@SI.EDU,Honda,Civic,2C3CDXBGXDH606447,1985,40
914,Beverlee,Kinforth,BKINFORTHMC@UTEXAS.EDU,Pontiac,Bonneville,2T1BURHE5FC843210,1968,57
915,Josephina,Usborn,JUSBORNMD@PRIVACY.GOV.AU,Tesla,Roadster,5J6TF1H30FL616959,2010,15
916,Demetra,Britcher,DBRITCHERME@THEATLANTIC.COM,Volkswagen,Golf,WA1UFBFLXDA697359,2005,20
917,Abeu,Ferroli,AFERROLIMF@BING.COM,Acura,MDX,SCFEBBBK9DG609225,2005,20
918,Waly,Brislane,WBRISLANEMG@ARIZONA.EDU,Porsche,Cayenne,YV140MAB9F1858895,2004,21
919,Emerson,Bras,EBRASMH@CNET.COM,Mitsubishi,Galant,4USBT33524L955728,1995,30
920,Sonny,Petrecz,SPETRECZMI@LATIMES.COM,Toyota,Prius,3N1CN7AP0EK404356,2004,21
921,Freddy,McClure,FMCCLUREMJ@NEWSVINE.COM,Ford,Crown Victoria,WBADW7C54BE712224,2005,20
922,Bronson,Benbough,BBENBOUGHMK@EBAY.CO.UK,Dodge,Durango,JTJBARBZ4F2063893,2001,24
923,Gideon,Lockett,GLOCKETTML@NIFTY.COM,Toyota,RAV4,WAUGVAFR6AA357543,1999,26
924,Austin,Ebi,AEBIMM@BARNESANDNOBLE.COM,Lamborghini,Murcilago,2C3CDXJG6CH609216,2008,17
925,Amber,Upwood,AUPWOODMN@MARKETWATCH.COM,Mazda,Mazdaspeed 3,JH4NA12655S695712,2012,13
926,Catriona,Normaville,CNORMAVILLEMO@SOGOU.COM,Lincoln,MKZ,WBAVC53587F484909,2008,17
927,Daryl,Rigolle,DRIGOLLEMP@HOMESTEAD.COM,Lexus,GS,2FMHK6CC4AB228291,2000,25
928,Serge,Pedden,SPEDDENMQ@OX.AC.UK,Subaru,Outback,WVWAB7AJ2CW373962,2005,20
929,Josie,Ratt,JRATTMR@FEEDBURNER.COM,Ford,Club Wagon,1FMJK1J57AE119529,1998,27
930,Lishe,Mingardo,LMINGARDOMS@YAHOO.COM,Acura,TL,19XFA1F28AE372684,2010,15
931,Clementina,Swepstone,CSWEPSTONEMT@YELLOWBOOK.COM,Dodge,Stealth,1G6AE5SX8F0331997,1992,33
932,Dionysus,Padbury,DPADBURYMU@ANSWERS.COM,Mazda,929,SCFHDDAJ3BA483911,1993,32
933,Amargo,Linck,ALINCKMV@ZDNET.COM,Lotus,Esprit,WBA3T7C55F5301845,1996,29
934,Dav,Idenden,DIDENDENMW@SHUTTERFLY.COM,Bentley,Mulsanne,1FAHP3E23CL443634,2012,13
935,Onfroi,Caulder,OCAULDERMX@ARSTECHNICA.COM,Honda,Civic,5J6TF3H5XFL411243,1980,45
936,Tedda,Casillas,TCASILLASMY@UMN.EDU,Dodge,Durango,WAULT68E05A104820,2007,18
937,Ilka,Beauly,IBEAULYMZ@EXAMINER.COM,Buick,Skylark,WDDLJ9BBXFA168167,1990,35
938,Israel,Handling,IHANDLINGN0@WIRED.COM,Dodge,Viper,1G4CW54K924289780,2002,23
939,Appolonia,Caswill,ACASWILLN1@TECHNORATI.COM,BMW,7 Series,3GYT4MEF5BG862967,2009,16
940,Carling,Velti,CVELTIN2@NETWORKADVERTISING.ORG,Hyundai,Elantra,WAUD2AFD2DN156252,2002,23
941,Sallee,Gillaspy,SGILLASPYN3@SLATE.COM,Geo,Storm,3GYFNAE37CS655042,1993,32
942,Broddie,Twidale,BTWIDALEN4@AMAZONAWS.COM,Audi,S4,1FTEX1C89AK369676,2000,25
943,Ruby,Howbrook,RHOWBROOKN5@CLOUDFLARE.COM,Pontiac,Montana SV6,JTHBP5C24E5359620,2006,19
944,Nicolea,Leys,NLEYSN6@AMEBLO.JP,Acura,Integra,WAUAH78E57A628966,1998,27
945,Murdoch,Attwoull,MATTWOULLN7@ODNOKLASSNIKI.RU,Maybach,Landaulet,WDDNG7BB1AA689427,2012,13
946,Quinta,Raggatt,QRAGGATTN8@CA.GOV,Infiniti,EX,5FPYK1F50EB149465,2012,13
947,Cherry,Bolus,CBOLUSN9@ABOUTADS.INFO,Hyundai,Elantra,1GD01ZCG2EF092223,1995,30
948,Kale,Idiens,KIDIENSNA@MOZILLA.COM,Mercedes-Benz,300SE,WBAWB33577P701128,1993,32
949,Eric,Welford,EWELFORDNB@ZIMBIO.COM,Volkswagen,Passat,WAUJC68E45A940606,1986,39
950,Thea,Grealish,TGREALISHNC@AMAZON.COM,Chevrolet,Suburban 2500,1N6AD0CU4CN754062,2003,22
951,Alma,Chaunce,ACHAUNCEND@DROPBOX.COM,Chevrolet,Suburban 1500,WAUBC48H56K229897,2011,14
952,Henrie,Rossant,HROSSANTNE@BIZJOURNALS.COM,Honda,Accord,1D4PU4GK5AW124154,2006,19
953,Wes,Code,WCODENF@WIKISPACES.COM,Mercedes-Benz,M-Class,WAUHFAFL8FN757777,2003,22
954,Elayne,Barwis,EBARWISNG@DION.NE.JP,Chevrolet,S10,5FNYF3H25BB427574,1994,31
955,Glenden,Colthurst,GCOLTHURSTNH@PRINTFRIENDLY.COM,Ford,E-Series,JM1NC2LF7D0973682,2006,19
956,Gradeigh,Menendez,GMENENDEZNI@JAVA.COM,Hyundai,Santa Fe,WBAEU33473P536916,2009,16
957,Rafaelita,Firebrace,RFIREBRACENJ@SEATTLETIMES.COM,Chrysler,Sebring,WVGBF7A97AD759795,2002,23
958,Zacherie,McGeachey,ZMCGEACHEYNK@VISTAPRINT.COM,Toyota,Land Cruiser,WBAFR9C51CD149748,2008,17
959,Monte,Lawman,MLAWMANNL@THETIMES.CO.UK,Ford,Festiva,1FTEX1CM1DF030114,1989,36
960,Brady,Conant,BCONANTNM@GOOGLE.PL,Chevrolet,1500,1GYFK43898R860767,1994,31
961,Shay,Devote,SDEVOTENN@DIGG.COM,BMW,7 Series,1G6DH8EG9A0882983,2012,13
962,Chandler,McCluney,CMCCLUNEYNO@LULU.COM,Ford,Mustang,1GYFK63808R358340,1969,56
963,Clementina,Kiddey,CKIDDEYNP@BIBLEGATEWAY.COM,Ford,Tempo,JTDZN3EU4FJ500929,1984,41
964,Eleanore,Chiplen,ECHIPLENNQ@PRINTFRIENDLY.COM,Chevrolet,Corvette,WBADX1C5XCJ654803,2005,20
965,Garner,Cranidge,GCRANIDGENR@APACHE.ORG,Chevrolet,Avalanche,KL4CJHSB6DB215961,2011,14
966,Allegra,McRonald,AMCRONALDNS@DELL.COM,Jeep,Wrangler,WAULT58E45A633472,2012,13
967,Rachele,Sindle,RSINDLENT@AOL.COM,Toyota,Yaris,SCBFR7ZA6DC802709,2007,18
968,Thibaut,Marco,TMARCONU@BOOKING.COM,Hummer,H1,JN1CY0AP9AM754450,2002,23
969,Meris,Iron,MIRONNV@PAYPAL.COM,Nissan,Quest,SCBGT3ZA1EC823788,1995,30
970,Kathryne,Cackett,KCACKETTNW@ARSTECHNICA.COM,Land Rover,Freelander,JN1AZ4EH5DM872899,2010,15
971,Pinchas,Pawelec,PPAWELECNX@TED.COM,Oldsmobile,Cutlass Supreme,2HNYD18774H219340,1995,30
972,Elvina,Leeves,ELEEVESNY@PRINCETON.EDU,Porsche,911,JN8AZ2KR5CT136584,1986,39
973,Arnaldo,Pate,APATENZ@SHUTTERFLY.COM,Spyker,C8,WBA3V9C5XEP909465,2006,19
974,Jenny,Dorwood,JDORWOODO0@BARNESANDNOBLE.COM,Infiniti,QX,5UXZV4C55D0259840,1997,28
975,Rochester,Cestard,RCESTARDO1@ELEGANTTHEMES.COM,Honda,Civic,1D7CE5GK8AS381871,1993,32
976,Tiphany,Corde,TCORDEO2@VA.GOV,Buick,Riviera,SALAC2D48AA479731,1988,37
977,Laurena,Bearcroft,LBEARCROFTO3@UNICEF.ORG,Nissan,Maxima,SCFHDDAJ1BA896944,2002,23
978,Vyky,Bampford,VBAMPFORDO4@ZDNET.COM,Suzuki,XL-7,WBAEW53473P944564,2006,19
979,Darren,Alvar,DALVARO5@EHOW.COM,Aston Martin,DB9,WBAEP33435P470911,2005,20
980,Mandy,Stimson,MSTIMSONO6@UMICH.EDU,Rolls-Royce,Phantom,5N1CR2MN8EC309981,2007,18
981,Marcie,Bosnell,MBOSNELLO7@UN.ORG,Lexus,IS,JHMZF1C61DS669558,2012,13
982,Merle,Sitlington,MSITLINGTONO8@GOOGLE.IT,Chevrolet,Beretta,WBA3K5C57EF770662,1996,29
983,Meta,Alfonsetto,MALFONSETTOO9@FOXNEWS.COM,Volvo,940,1C6RD7GP4CS506762,1993,32
984,Brewster,Dearan,BDEARANOA@UOL.COM.BR,Nissan,Titan,SCBEC9ZA6EC622382,2005,20
985,Ninnetta,Temby,NTEMBYOB@XREA.COM,Ford,Thunderbird,WBAUP7C56BV104864,1988,37
986,Ruthie,Bembrigg,RBEMBRIGGOC@XING.COM,Mitsubishi,Mirage,5GADX33L05D190761,1994,31
987,Lindy,Baynton,LBAYNTONOD@BLUEHOST.COM,Lexus,GX,1G6AE5S35F0932376,2006,19
988,Cristine,Berzen,CBERZENOE@TECHCRUNCH.COM,BMW,X3,WBALW7C51DD200277,2005,20
989,Cort,Deverille,CDEVERILLEOF@FRIENDFEED.COM,Ford,F250,1G6DJ1E31D0490674,2007,18
990,Maridel,Faas,MFAASOG@BLOGLOVIN.COM,Dodge,Dakota,1D7RW2BK0AS532294,2006,19
991,Shauna,Bridger,SBRIDGEROH@NBA.COM,Chevrolet,Suburban 1500,WAULF78K39N088498,2011,14
992,Fenelia,Spellacey,FSPELLACEYOI@LOC.GOV,Nissan,Maxima,WAUNF78P76A132381,1996,29
993,Hailee,Haistwell,HHAISTWELLOJ@AMAZON.CO.JP,Hummer,H1,KNDJT2A15A7790211,2004,21
994,Beth,Heyfield,BHEYFIELDOK@FREEWEBS.COM,Infiniti,I,5N1AA0ND0FN061109,2003,22
995,Cory,Clay,CCLAYOL@PAYPAL.COM,Honda,CR-V,WBADN63443G918363,2003,22
996,Edward,Geroldi,EGEROLDIOM@TIME.COM,Chevrolet,Suburban 2500,WAUGL58EX5A620730,1992,33
997,Rosaline,Pine,RPINEON@FOXNEWS.COM,Volvo,S40,3VW1K7AJ6EM455709,2003,22
998,Lancelot,Yeabsley,LYEABSLEYOO@SOGOU.COM,Chevrolet,Tahoe,KNDJT2A54D7350357,2001,24
999,Lottie,Dallmann,LDALLMANNOP@UCLA.EDU,Toyota,Highlander,SCBFC7ZAXEC175094,2002,23
1000,Holly,Abbot,HABBOTOQ@BOSTON.COM,Hyundai,Elantra,JN1CV6FEXBM924397,1994,31
1001,Bunnie,Danford,BDANFORDOR@FOTKI.COM,GMC,Sierra 1500,WDDEJ7GB8CA219330,2004,21
1002,Terence,Morter,TMORTEROS@COMCAST.NET,Oldsmobile,Cutlass,5N1AA0ND7FN326382,1997,28
1003,Milicent,McLugish,MMCLUGISHOT@ACQUIRETHISNAME.COM,Mitsubishi,Diamante,2C3CCAGG2EH814770,2003,22
1004,Raphael,Nock,RNOCKOU@MEETUP.COM,Mazda,MX-3,WAUCFAFR6FA299159,1995,30
1005,Sarah,Pottell,SPOTTELLOV@HOUSE.GOV,Ford,F-Series,WAUSGCFC0CN273998,2005,20
1006,Cody,Laphorn,CLAPHORNOW@PEOPLE.COM.CN,Acura,Legend,2LMDJ6JC9AB519736,1987,38
1007,Berkeley,Regi,BREGIOX@TRIPADVISOR.COM,Buick,Century,TRUTX28N121175820,1992,33
1008,Willi,Grzesiewicz,WGRZESIEWICZOY@SCIENTIFICAMERICAN.COM,Honda,Ridgeline,YV126MFKXF2587628,2007,18
1009,Beatrice,Foynes,BFOYNESOZ@BOSTON.COM,Acura,MDX,WA1CMAFE9CD375421,2005,20
1010,Friedrich,Santacrole,FSANTACROLEP0@DRUPAL.ORG,Mitsubishi,Mirage,WBAWV53507P840147,2002,23
1011,Leeland,Hartford,LHARTFORDP1@TOPLIST.CZ,Audi,TT,1N6AA0CCXEN179971,2000,25
1012,Mommy,Goring,MGORINGP2@EXAMINER.COM,Toyota,4Runner,1G4HA5EM7AU461243,1994,31
1013,Hal,Wines,HWINESP3@LIST-MANAGE.COM,Honda,Civic,1G6KD57Y37U559151,2005,20
1014,Rani,Breckell,RBRECKELLP4@SOUP.IO,Acura,NSX,5TDBM5G15BS150663,2002,23
1015,Ronda,Talby,RTALBYP5@CAFEPRESS.COM,Volkswagen,Jetta,1G6DP8ED7B0235170,2011,14
1016,Ferrell,Boatright,FBOATRIGHTP6@TYPEPAD.COM,Toyota,Tacoma,WAUSH74F87N295853,2003,22
1017,Granger,Kingscott,GKINGSCOTTP7@SO-NET.NE.JP,Pontiac,GTO,WAUFEAFM5AA607807,1964,61
1018,Elli,Slaight,ESLAIGHTP8@AMEBLO.JP,Mitsubishi,Endeavor,1GKKRNED7BJ966340,2010,15
1019,Carlee,Layburn,CLAYBURNP9@SI.EDU,GMC,Jimmy,4T1BD1FK2CU644930,2000,25
1020,Devin,Bratton,DBRATTONPA@MAC.COM,Subaru,Forester,WAUEG98E96A437811,2009,16
1021,Herrick,Bushaway,HBUSHAWAYPB@QUANTCAST.COM,Chevrolet,Silverado 2500,WAUMF68P06A596571,2009,16
1022,Julissa,Cullimore,JCULLIMOREPC@CMU.EDU,Bentley,Azure,JN1AZ4EH6FM833645,2007,18
1023,Randolph,Delouch,RDELOUCHPD@SAKURA.NE.JP,Mercedes-Benz,CLS-Class,WBADW7C52BE481565,2010,15
1024,Annis,Regglar,AREGGLARPE@STUMBLEUPON.COM,Ford,Mustang,1G6KE57Y63U493685,2001,24
1025,Domeniga,Tilney,DTILNEYPF@CPANEL.NET,Audi,riolet,4T1BD1EB1DU735075,1998,27
1026,Ardyth,Malden,AMALDENPG@SI.EDU,Ford,F250,JTDJTUD30ED094596,2012,13
1027,Fredric,Shortland,FSHORTLANDPH@VISTAPRINT.COM,Scion,tC,3N1CE2CP4FL190175,2012,13
1028,Edgardo,Enstone,EENSTONEPI@JAPANPOST.JP,Toyota,Land Cruiser,WBA1F9C50FV911193,1997,28
1029,Ezekiel,Sybbe,ESYBBEPJ@AMAZON.CO.UK,Dodge,Caravan,JM1CW2BL5F0223710,2002,23
1030,Magdalene,Tomblett,MTOMBLETTPK@GOV.UK,Ford,F350,1N6AD0CU4CC640932,2008,17
1031,De,Kordes,DKORDESPL@NING.COM,Acura,TSX,5N1AT2ML9EC077530,2009,16
1032,Daron,Moreman,DMOREMANPM@BARNESANDNOBLE.COM,Mercury,Capri,SCBDC47L58C649550,1994,31
1033,Gilles,Mayes,GMAYESPN@SQUARESPACE.COM,Dodge,Ram 1500,19XFB4F2XDE009547,1997,28
1034,Jule,Addess,JADDESSPO@TRIPADVISOR.COM,Land Rover,Range Rover,1FTMF1EW8AF873266,1989,36
1035,Vivianna,Morican,VMORICANPP@MAYOCLINIC.COM,Cadillac,STS-V,1N6AA0CC4DN490164,2008,17
1036,Darya,Handrock,DHANDROCKPQ@STANFORD.EDU,Saab,3-Sep,JN1CV6FE5DM506526,2007,18
1037,Reginauld,Gravet,RGRAVETPR@SPOTIFY.COM,Chevrolet,S10,1G6KD54Y15U387378,2001,24
1038,Jobie,Betteson,JBETTESONPS@FACEBOOK.COM,Dodge,Durango,WBAYP9C5XED910620,2011,14
1039,Silva,Heustice,SHEUSTICEPT@PSU.EDU,Toyota,Land Cruiser,JTHFF2C29E2948070,2002,23
1040,Emera,Luberti,ELUBERTIPU@JIATHIS.COM,Eagle,Talon,1N4AL2AP3BN736414,1997,28
1041,Toby,MacCollom,TMACCOLLOMPV@NATIONALGEOGRAPHIC.COM,Dodge,Stratus,5GAKVDKD1DJ233792,2001,24
1042,Cindie,Jorg,CJORGPW@TWITTER.COM,Shelby,GT500,SAJWA4EB1EL244594,1968,57
1043,Shirley,Fernandes,SFERNANDESPX@CAM.AC.UK,Toyota,Avalon,WAUSH98E37A996580,2009,16
1044,Luigi,Keppy,LKEPPYPY@SQUARESPACE.COM,Honda,Odyssey,4T1BK1EB8FU105336,1995,30
1045,Brandy,Solleme,BSOLLEMEPZ@PINTEREST.COM,Geo,Metro,WBAKG1C50BE622795,1995,30
1046,Webster,Dominelli,WDOMINELLIQ0@REDDIT.COM,Maserati,Quattroporte,19VDE1F37EE025236,2005,20
1047,Alisun,MacGoun,AMACGOUNQ1@TECHCRUNCH.COM,Chrysler,Town & Country,1FA6P0G73F5483638,2000,25
1048,Raine,Boshere,RBOSHEREQ2@GOOGLE.ES,Pontiac,Montana,1FTEW1CM9BK052014,2001,24
1049,Taddeo,Palombi,TPALOMBIQ3@ADDTOANY.COM,Mazda,B-Series Plus,WBA3K5C52EF411705,2003,22
1050,Miriam,Aps,MAPSQ4@LIST-MANAGE.COM,Pontiac,6000,WBAWR3C51AP687536,1984,41
1051,Reggy,Rizziello,RRIZZIELLOQ5@ORACLE.COM,Nissan,Frontier,YV4902DZ2D2728079,2009,16
1052,Goldi,Metts,GMETTSQ6@MAPY.CZ,Audi,S8,JTHBE1BL2F1461435,2008,17
1053,Yard,Mabe,YMABEQ7@BLOGS.COM,Audi,R8,WBAGN83493D028659,2010,15
1054,Britt,Frammingham,BFRAMMINGHAMQ8@BAIDU.COM,Mitsubishi,Diamante,WBAYB6C55FD725986,1997,28
1055,Catherin,Readings,CREADINGSQ9@INDIEGOGO.COM,Ford,EXP,WBAAV534X1F873610,1986,39
1056,Lethia,Tadlow,LTADLOWQA@DAILYMOTION.COM,Mercury,Mystique,1G4GF5G38DF443330,1996,29
1057,Danika,Swett,DSWETTQB@DAILYMOTION.COM,Hyundai,Excel,WVWED7AJ2AW633057,1992,33
1058,Ellette,Bednell,EBEDNELLQC@TWITTER.COM,Ford,Bronco,SAJWA4FB9EL141521,1994,31
1059,Justin,Lathee,JLATHEEQD@YANDEX.RU,Subaru,Forester,SCFAD05D29G415590,1998,27
1060,Diane-marie,Loxly,DLOXLYQE@COLUMBIA.EDU,Jeep,Liberty,1D4PT2GK4BW432151,2007,18
1061,Livy,Tissell,LTISSELLQF@ORACLE.COM,Jeep,Patriot,5GADV33L45D734569,2011,14
1062,Isidoro,Plitz,IPLITZQG@BBB.ORG,Lincoln,Continental Mark VII,1GYS3PKJ4FR420745,1991,34
1063,Teodoor,Anmore,TANMOREQH@ODNOKLASSNIKI.RU,Ford,E-Series,SCFAD02A35G961965,2009,16
1064,Siouxie,Roggieri,SROGGIERIQI@UCOZ.COM,Lexus,SC,WDDHF5KB7FB556306,1999,26
1065,Brand,Thebe,BTHEBEQJ@SCIENTIFICAMERICAN.COM,Subaru,B9 Tribeca,WDDEJ9EBXDA325309,2007,18
1066,Leonora,Penketh,LPENKETHQK@TINYURL.COM,Eagle,Talon,WBANU53548C468304,1990,35
1067,Roderich,Claybourne,RCLAYBOURNEQL@PRLOG.ORG,Toyota,Prius v,5FRYD3H43FB670022,2012,13
1068,Billy,Brunger,BBRUNGERQM@DE.VU,Chrysler,Fifth Ave,WAULT68E13A822289,1993,32
1069,Lenka,Archibould,LARCHIBOULDQN@SCIENTIFICAMERICAN.COM,BMW,Z4,2G4GT5GR1D9897294,2009,16
1070,Milissent,Pietz,MPIETZQO@CDBABY.COM,Lincoln,Mark LT,WAUJC58E65A923347,2007,18
1071,Valli,Knappett,VKNAPPETTQP@DEVHUB.COM,Chrysler,300,5N1AZ2MH0FN819510,2006,19
1072,Vin,Carrigan,VCARRIGANQQ@ADDTOANY.COM,Nissan,Titan,JTDJTUD32ED631808,2004,21
1073,Bee,MacKnocker,BMACKNOCKERQR@ADDTOANY.COM,Chevrolet,Astro,SALFR2BG6DH047832,1997,28
1074,Nissy,Bannister,NBANNISTERQS@BUZZFEED.COM,Chevrolet,Express 3500,WAUXL58E74A968421,2004,21
1075,Ivory,Bennough,IBENNOUGHQT@T.CO,Ford,Tempo,WAUWFAFR9EA626570,1988,37
1076,Lisa,Kirley,LKIRLEYQU@G.CO,Hyundai,Tucson,1HGCP2F33BA953239,2011,14
1077,Maurita,Dwane,MDWANEQV@HUBPAGES.COM,Nissan,Maxima,WAUPEAFM2AA600401,1993,32
1078,Hester,Bolden,HBOLDENQW@WHO.INT,Chevrolet,Suburban 2500,WBAVM5C54EV365366,1999,26
1079,Cybil,Diem,CDIEMQX@LIVEJOURNAL.COM,Dodge,Ram Wagon B150,SCBLC37FX5C965201,1994,31
1080,Audry,Batsford,ABATSFORDQY@T-ONLINE.DE,Toyota,Tacoma,JN8AS5MT6BW001870,2002,23
1081,Gerrilee,Pollastrone,GPOLLASTRONEQZ@SPHINN.COM,Nissan,Rogue,JN8AE2KP6C9052426,2009,16
1082,Nike,O'Hanley,NOHANLEYR0@REDDIT.COM,Ford,Tempo,WP0CA2A89AU832148,1987,38
1083,Melamie,Bothbie,MBOTHBIER1@NING.COM,Toyota,Corolla,1G6DL5EGXA0568725,2004,21
1084,Lani,Zorro,LZORROR2@GOOGLE.CO.UK,Kia,Sportage,JTJHY7AX5E4778291,1995,30
1085,Marcellus,Milmoe,MMILMOER3@SBWIRE.COM,Honda,Civic,2T1BURHE6EC924201,1996,29
1086,Bernardine,McGeneay,BMCGENEAYR4@COLUMBIA.EDU,Mercedes-Benz,R-Class,WAU3MAFD9FN551635,2008,17
1087,Joaquin,Troker,JTROKERR5@SKYPE.COM,Lexus,LS,5YMGY0C51D0803752,2009,16
1088,Lawrence,Rawll,LRAWLLR6@MARRIOTT.COM,Dodge,Durango,WAUGL98E77A199124,2008,17
1089,Gwen,Stonman,GSTONMANR7@BLOOMBERG.COM,Dodge,Nitro,1FTEW1CM5EF586382,2009,16
1090,Jenica,Mawman,JMAWMANR8@TECHNORATI.COM,Mercury,Mountaineer,3VW4A7AT2CM600730,1999,26
1091,Louie,Mikalski,LMIKALSKIR9@SKYROCK.COM,Volkswagen,Cabriolet,WBAFV3C57ED540608,1992,33
1092,Mikkel,Morffew,MMORFFEWRA@MLB.COM,Mazda,929,ML32A3HJ0FH863558,1995,30
1093,Tobi,Fibben,TFIBBENRB@FTC.GOV,Ford,E150,1D7RV1CP2AS180682,2006,19
1094,Hollyanne,Pabst,HPABSTRC@WEBS.COM,Buick,Park Avenue,JTEBC3EH8B2580181,2000,25
1095,Faythe,Huton,FHUTONRD@GOOGLE.RU,Aston Martin,V8 Vantage,WAUEFAFL6EA144081,2007,18
1096,Keene,Iddins,KIDDINSRE@MOZILLA.COM,Infiniti,M,SCBDR33W07C451546,2008,17
1097,Rutter,Maiklem,RMAIKLEMRF@XINHUANET.COM,Audi,A4,SCFBF03B67G297167,2012,13
1098,Tobey,Basler,TBASLERRG@CENSUS.GOV,Oldsmobile,Bravada,WP0AA2A90ES532726,2000,25
1099,Wally,Cronshaw,WCRONSHAWRH@WOOTHEMES.COM,Mazda,626,1G6DM5EG4A0599028,1995,30
1100,Rheta,Fritter,RFRITTERRI@SQUARESPACE.COM,Lexus,LS,KMHTC6AD5FU953535,1993,32
1101,Millicent,Durrans,MDURRANSRJ@GRAVATAR.COM,BMW,X3,3N1AB6AP7BL045586,2009,16
1102,Eleni,Leist,ELEISTRK@MSN.COM,Ford,Explorer,5N1AA0NCXAN044723,1991,34
1103,Nariko,Galfour,NGALFOURRL@FURL.NET,Aston Martin,DB9,1C3BCBFG7EN830537,2007,18
1104,Jay,Bruin,JBRUINRM@CLICKBANK.NET,Bentley,Mulsanne,1N6BF0KL6FN673527,2012,13
1105,Ragnar,Spriggin,RSPRIGGINRN@LATIMES.COM,Volkswagen,Jetta,3TMJU4GN5BM501032,2004,21
1106,Gibby,Bolingbroke,GBOLINGBROKERO@IMDB.COM,Lincoln,Continental,JN8AZ2KR2AT458872,1998,27
1107,Lyndy,Havers,LHAVERSRP@INTEL.COM,Volkswagen,Passat,WAU4FAFRXBA566754,1999,26
1108,Dalli,Meharry,DMEHARRYRQ@IHG.COM,Toyota,Yaris,WA1CV74L59D923585,2012,13
1109,Stefanie,Biesinger,SBIESINGERRR@SKYPE.COM,Ford,Festiva,19UUA9F26CA541761,1989,36